# Month-end share prices read from the Neue Zuercher Zeitung (NZZ), December 1979 to December 1982. Raw quotes as printed, no adjustment.
# Source: 38 full issues downloaded as PDF (first issue after each month end), kept outside git in data/manual/scans/nzz/NZZ_<issue date>.pdf.
#   All are pure scans (one 8-bit grayscale JPEG per page, about 3700 x 5400 pixels, no text layer). Read by eye on 2026-10-02 from crops at full
#   resolution; every number was read from those files, none from memory. page = printed page number (= PDF page).
# Tables used: Swiss shares = the "Schweizer Aktien" running-text list headed "Kurse vom <date>" (Zuerich, "Mitgeteilt von J. Vontobel & Co."),
#   New York = "New Yorker Boersenkurse vom <date>" (columns Vortag, Eroeff., Hoechst, Tiefst, Vol, P/E, Schl.; I took Schl.), Frankfurt = the
#   combined list "Frankfurt/Duesseldorf/Muenchen" (columns Vortag, Schluss). Industrial Bank of Japan is not in the Tokio list in the issues looked at.
# Swiss list format: each line is "Name (Vortag) first trade ... R last trade ..." ; the number in brackets is the previous day's close (Vortag), the
#   sequence behind it the trades of the day in order, "R" marks the end of the official Ring session after which later (nachboerslich) trades follow.
#   price_as_printed = the LAST trade figure of the sequence (suffixes t, tt, ttt, L, dt are tick marks / block trades as printed and are dropped; block
#   trades "dt" inside a sequence are ignored). This is the closing price by convention; if there is only a Vortag figure the share did not trade and nothing is recorded.
#   From 1982-04 the SKA line is "SKA Inh. inkl. PS" and "Na. inkl. PS" (bearer incl. PS): share_class I and N continue the line, the PS is no longer quoted separately.
# Classes: I = Inhaber (bearer), N = Namen (registered), PS = Partizipationsschein (Genussschein). Frankfurt shares: BMW ordinary, Daimler-Benz, Siemens (DEM).
# Quote dates: header "Kurse vom ..." of the table. When the issue prints the first day of the next month (1980-04, 1980-07, 1981-04 in the NY and Frankfurt lists:
#   1 May / 1 Aug holiday issues) the Vortag column holds the month-end close and was taken (see note column). 1979-12: only the New York Vortag of the issue of 3 Jan 1980.
# Currencies: Swiss CHF, New York USD (eighths written as decimals, 104 5/8 = 104.625), Frankfurt DEM.
# Breaks seen in the raw quotes (not adjusted here): Schlumberger 3-for-2 split in October 1980 (143 on 30.9.1980 -> 108.125 on 31.10.1980) and in July 1981
#   (94.625 -> 67.5), both documented in slb-raw.csv (JdG); the NZZ New York list does not print year high/low, so the splits are not visible in the paper itself.
#   Siemens 1980-01: printed 2660 without decimal point (Vortag 2635), obviously 266.0 DM; kept as printed.
# Left out / missing: see data/manual/raw/nzz-notes-1979-1982.md (1979-12 Swiss and Frankfurt, 1982-05 all series, individual cells).
series,month,quote_date,share_class,currency,price_as_printed,issue,page,method,note
swissair,1980-01,1980-01-31,I,CHF,795,1980-02-01,23,eye,Zurich running-text list; last figure of the day's sequence; Vortag (798)
swissair,1980-01,1980-01-31,N,CHF,800,1980-02-01,23,eye,"Zurich running-text list; sequence ""R, 800""; Vortag (795)"
ubs,1980-01,1980-01-31,I,CHF,3675,1980-02-01,23,eye,SBG Inhaber; last figure of sequence; Vortag (3650)
ubs,1980-01,1980-01-31,N,CHF,680,1980-02-01,23,eye,SBG Namen; Vortag (680)
ubs,1980-01,1980-01-31,PS,CHF,132.50,1980-02-01,23,eye,SBG PS; Vortag (133)
sbv,1980-01,1980-01-31,I,CHF,417,1980-02-01,23,eye,SBV Inhaber; Vortag (415)
sbv,1980-01,1980-01-31,N,CHF,316,1980-02-01,23,eye,SBV Namen; Vortag (315)
sbv,1980-01,1980-01-31,PS,CHF,354,1980-02-01,23,eye,SBV PS; Vortag (354)
credit-suisse,1980-01,1980-01-31,I,CHF,2400,1980-02-01,23,eye,SKA Inhaber; last figure 2400L (L suffix as printed); Vortag (2400)
credit-suisse,1980-01,1980-01-31,N,CHF,440,1980-02-01,23,eye,SKA Namen; Vortag (439)
ciba-geigy,1980-01,1980-01-31,I,CHF,1225,1980-02-01,23,eye,Ciba-Geigy Inh.; last figure 1225L (L suffix as printed); Vortag (1205)
ciba-geigy,1980-01,1980-01-31,N,CHF,680,1980-02-01,23,eye,Ciba-Geigy Na.; last figure 680 (after 695 dt 20); Vortag (674)
nestle,1980-01,1980-01-31,I,CHF,3515,1980-02-01,23,eye,Nestle Inh.; Vortag (3485)
nestle,1980-01,1980-01-31,N,CHF,2260,1980-02-01,23,eye,Nestle Namen; Vortag (2260)
sandoz,1980-01,1980-01-31,I,CHF,4200,1980-02-01,23,eye,Sandoz Inh.; Vortag (4150)
sandoz,1980-01,1980-01-31,N,CHF,1940,1980-02-01,23,eye,Sandoz Namen; Vortag (1930)
sandoz,1980-01,1980-01-31,PS,CHF,528,1980-02-01,23,eye,Sandoz PS; Vortag (525)
slb,1980-01,1980-01-31,common,USD,104.625,1980-02-01,25,eye,New York list column Schl. printed 104 5/8; Vortag column 107
ibm,1980-01,1980-01-31,common,USD,68.625,1980-02-01,25,eye,New York list column Schl. printed 68 5/8; Vortag 70 3/8
bmw,1980-01,1980-01-31,ordinary,DEM,158,1980-02-01,26,eye,Frankfurt/Duesseldorf/Muenchen list column Schluss; Vortag 155.50
mercedes,1980-01,1980-01-31,common,DEM,240.50,1980-02-01,26,eye,"Daimler-Benz, Frankfurt list column Schluss; Vortag 236"
siemens,1980-01,1980-01-31,common,DEM,2660,1980-02-01,26,eye,"Frankfurt list column Schluss printed 2660 without decimal point (Vortag printed 2635; probably 266.0 / 263.5 DM, control JdG 258.5 DM on 1979-12-28)"
slb,1979-12,1979-12-31,common,USD,93.75,1980-01-03,19,eye,"New York list headed ""Kurse vom 2. Januar"", column Vortag (= last trading day before 2 Jan, 31 Dec 1979); printed 93 3/4; Schl. of 2 Jan was 90"
ibm,1979-12,1979-12-31,common,USD,64.625,1980-01-03,19,eye,"New York list headed ""Kurse vom 2. Januar"", column Vortag (= 31 Dec 1979); printed 64 5/8; Schl. of 2 Jan was 62 1/2"
swissair,1980-02,1980-02-29,I,CHF,777,1980-03-01,23,eye,"Zurich running-text list ""Kurse vom 29. Februar""; last figure of sequence (777 with dagger mark); Vortag (780)"
swissair,1980-02,1980-02-29,N,CHF,793,1980-03-01,23,eye,Zurich running-text list; Vortag (792)
ubs,1980-02,1980-02-29,I,CHF,3605,1980-03-01,23,eye,SBG Inhaber; last figure of sequence; Vortag (3610)
ubs,1980-02,1980-02-29,N,CHF,650,1980-03-01,23,eye,SBG Namen; Vortag (650)
ubs,1980-02,1980-02-29,PS,CHF,130,1980-03-01,23,eye,SBG PS; Vortag (129)
sbv,1980-02,1980-02-29,I,CHF,403,1980-03-01,23,eye,SBV Inhaber; Vortag (403)
sbv,1980-02,1980-02-29,N,CHF,303,1980-03-01,23,eye,SBV Namen; Vortag (304)
sbv,1980-02,1980-02-29,PS,CHF,338,1980-03-01,23,eye,SBV PS; Vortag (341)
credit-suisse,1980-02,1980-02-29,I,CHF,2350,1980-03-01,23,eye,SKA Inhaber; last figure of sequence; Vortag (2340)
credit-suisse,1980-02,1980-02-29,N,CHF,440,1980-03-01,23,eye,SKA Namen; Vortag (437)
ciba-geigy,1980-02,1980-02-29,I,CHF,1160,1980-03-01,23,eye,Ciba-Geigy Inhaber; Vortag (1210)
ciba-geigy,1980-02,1980-02-29,N,CHF,655,1980-03-01,23,eye,Ciba-Geigy Namen; Vortag (671)
ciba-geigy,1980-02,1980-02-29,PS,CHF,905,1980-03-01,23,eye,Ciba-Geigy PS; Vortag (945)
nestle,1980-02,1980-02-29,I,CHF,3400,1980-03-01,23,eye,Nestle Inhaber; Vortag (3415)
nestle,1980-02,1980-02-29,N,CHF,2215,1980-03-01,23,eye,Nestle Namen; Vortag (2235)
sandoz,1980-02,1980-02-29,I,CHF,4025,1980-03-01,23,eye,Sandoz Inhaber; last figure of sequence (4025 with dagger marks); Vortag (4040)
sandoz,1980-02,1980-02-29,N,CHF,1860,1980-03-01,23,eye,Sandoz Namen; last figure 1860L (L suffix as printed); Vortag (1880)
sandoz,1980-02,1980-02-29,PS,CHF,512,1980-03-01,23,eye,Sandoz PS; Vortag (512)
slb,1980-02,1980-02-29,common,USD,112,1980-03-01,25,eye,"New York list ""Borsenkurse vom 29. Februar"" column Schl.; Vortag column 112 3/8"
ibm,1980-02,1980-02-29,common,USD,63.375,1980-03-01,25,eye,New York list column Schl. printed 63 3/8; Vortag 63 1/4
bmw,1980-02,1980-02-29,ordinary,DEM,167,1980-03-01,26,eye,Frankfurt/Duesseldorf/Muenchen list column Schluss; Vortag 167
mercedes,1980-02,1980-02-29,common,DEM,257.50,1980-03-01,26,eye,"Daimler-Benz, Frankfurt list column Schluss; Vortag 254"
siemens,1980-02,1980-02-29,common,DEM,270,1980-03-01,26,eye,Frankfurt list column Schluss; Vortag 269.50
swissair,1980-03,1980-03-31,I,CHF,740,1980-04-01,21,eye,"Zurich running-text list ""Kurse vom 31. Maerz""; last figure of the sequence; Vortag (740)"
swissair,1980-03,1980-03-31,N,CHF,760,1980-04-01,21,eye,Zurich list; last figure; Vortag (760)
ubs,1980-03,1980-03-31,I,CHF,3250,1980-04-01,21,eye,SBG Inhaber; last figure after R; Vortag (3250)
ubs,1980-03,1980-03-31,N,CHF,623,1980-04-01,21,eye,SBG Namen; Vortag (623)
ubs,1980-03,1980-03-31,PS,CHF,122,1980-04-01,21,eye,SBG PS; Vortag (122)
sbv,1980-03,1980-03-31,I,CHF,370,1980-04-01,21,eye,SBV Inhaber; Vortag (370)
sbv,1980-03,1980-03-31,N,CHF,272,1980-04-01,21,eye,SBV Namen; Vortag (271)
sbv,1980-03,1980-03-31,PS,CHF,304,1980-04-01,21,eye,SBV PS; Vortag (305)
credit-suisse,1980-03,1980-03-31,I,CHF,2215,1980-04-01,21,eye,"SKA Inhaber; Vortag (2200); the line ""neue"" (new shares, 2110 -> 2150) is not used"
credit-suisse,1980-03,1980-03-31,N,CHF,417,1980-04-01,21,eye,SKA Namen; Vortag (415)
ciba-geigy,1980-03,1980-03-31,I,CHF,975,1980-04-01,21,eye,Ciba-Geigy Inhaber; last figure 975L; Vortag (970)
ciba-geigy,1980-03,1980-03-31,N,CHF,591,1980-04-01,21,eye,Ciba-Geigy Namen; Vortag (585)
ciba-geigy,1980-03,1980-03-31,PS,CHF,770,1980-04-01,21,eye,Ciba-Geigy PS; Vortag (760)
nestle,1980-03,1980-03-31,I,CHF,3120,1980-04-01,21,eye,Nestle Inhaber; Vortag (3050)
nestle,1980-03,1980-03-31,N,CHF,2050,1980-04-01,21,eye,Nestle Namen; Vortag (2040)
sandoz,1980-03,1980-03-31,I,CHF,3475,1980-04-01,21,eye,Sandoz Inhaber; Vortag (3350)
sandoz,1980-03,1980-03-31,N,CHF,1675,1980-04-01,21,eye,Sandoz Namen; Vortag (1660)
sandoz,1980-03,1980-03-31,PS,CHF,425,1980-04-01,21,eye,Sandoz PS; Vortag (425)
slb,1980-03,1980-03-31,common,USD,106.25,1980-04-01,23,eye,"New York list ""Kurse vom 31. Maerz"" column Schl. 106 1/4; JdG control 106.25 agrees"
ibm,1980-03,1980-03-31,common,USD,55.625,1980-04-01,23,eye,New York list column Schl. 55 5/8; Vortag 55 5/8
bmw,1980-03,1980-03-31,ordinary,DEM,159.50,1980-04-01,24,eye,Frankfurt/Duesseldorf/Muenchen list column Schluss; Vortag 156.50; JdG print for 1980-03-31 is 157.5 (differs)
mercedes,1980-03,1980-03-31,common,DEM,244,1980-04-01,24,eye,Daimler-Benz column Schluss; Vortag 245; JdG print 245
siemens,1980-03,1980-03-31,common,DEM,249,1980-04-01,24,eye,column Schluss; Vortag 248; JdG print 247.5 (differs)
swissair,1980-04,1980-04-30,I,CHF,765,1980-05-02,25,eye,"Zurich list ""Kurse vom 30. April""; last figure 765L; Vortag (745)"
swissair,1980-04,1980-04-30,N,CHF,780,1980-05-02,25,eye,Zurich list; last figure; Vortag (760)
ubs,1980-04,1980-04-30,I,CHF,3260,1980-05-02,25,eye,SBG Inhaber; last figure; Vortag (3195)
ubs,1980-04,1980-04-30,N,CHF,620,1980-05-02,25,eye,SBG Namen; Vortag (625)
ubs,1980-04,1980-04-30,PS,CHF,115,1980-05-02,25,eye,SBG PS; Vortag (115)
sbv,1980-04,1980-04-30,I,CHF,368,1980-05-02,25,eye,SBV Inhaber; Vortag (367)
sbv,1980-04,1980-04-30,N,CHF,265,1980-05-02,25,eye,SBV Namen; Vortag (262)
sbv,1980-04,1980-04-30,PS,CHF,307,1980-05-02,25,eye,SBV PS; Vortag (305)
credit-suisse,1980-04,1980-04-30,I,CHF,2130,1980-05-02,25,eye,SKA Inhaber; last figure 2130L; Vortag (2085)
credit-suisse,1980-04,1980-04-30,N,CHF,390,1980-05-02,25,eye,SKA Namen; Vortag (388)
ciba-geigy,1980-04,1980-04-30,I,CHF,1070,1980-05-02,25,eye,"Ciba-Geigy Inhaber; Vortag (1040); one block trade ""1120 dt 50"" in the sequence ignored"
ciba-geigy,1980-04,1980-04-30,N,CHF,599,1980-05-02,25,eye,Ciba-Geigy Namen; Vortag (588)
ciba-geigy,1980-04,1980-04-30,PS,CHF,825,1980-05-02,25,eye,Ciba-Geigy PS; Vortag (790)
nestle,1980-04,1980-04-30,I,CHF,3350,1980-05-02,25,eye,"Nestle Inhaber; last figure 3350; Vortag (3235); block trade ""3400 dt 100"" in sequence ignored"
nestle,1980-04,1980-04-30,N,CHF,2250,1980-05-02,25,eye,Nestle Namen; Vortag (2225)
sandoz,1980-04,1980-04-30,I,CHF,3650,1980-05-02,25,eye,Sandoz Inhaber; last figure; no Vortag printed
sandoz,1980-04,1980-04-30,N,CHF,1750,1980-05-02,25,eye,Sandoz Namen; Vortag (1720)
sandoz,1980-04,1980-04-30,PS,CHF,470,1980-05-02,25,eye,Sandoz PS; Vortag (455)
slb,1980-04,1980-04-30,common,USD,106.5,1980-05-02,27,eye,"New York list headed ""vom 1. Mai""; 30 April taken from column Vortag 106 1/2 (Schl. of 1 May 105 3/4); JdG control 106.5 agrees"
ibm,1980-04,1980-04-30,common,USD,54.875,1980-05-02,27,eye,"New York list headed ""vom 1. Mai""; 30 April taken from column Vortag 54 7/8 (Schl. of 1 May 54 1/4)"
bmw,1980-04,1980-04-30,ordinary,DEM,163.50,1980-05-02,28,eye,"Frankfurt list headed ""vom 1. Mai"" (Frankfurt closed, geschlossen); 30 April from column Vortag"
mercedes,1980-04,1980-04-30,common,DEM,250,1980-05-02,28,eye,"Daimler-Benz, Frankfurt list headed 1 May (closed); from column Vortag"
siemens,1980-04,1980-04-30,common,DEM,260.50,1980-05-02,28,eye,Frankfurt list headed 1 May (closed); from column Vortag
swissair,1980-05,1980-05-30,I,CHF,752,1980-05-31,23,eye,"Zurich list ""Kurse vom 30. Mai""; last figure; Vortag (752)"
swissair,1980-05,1980-05-30,N,CHF,775,1980-05-31,23,eye,Zurich list; only figure 775; Vortag (776)
ubs,1980-05,1980-05-30,I,CHF,3300,1980-05-31,23,eye,SBG Inhaber; last figure after R; Vortag (3315)
ubs,1980-05,1980-05-30,N,CHF,605,1980-05-31,23,eye,SBG Namen; only figure; Vortag (612)
ubs,1980-05,1980-05-30,PS,CHF,117,1980-05-31,23,eye,SBG PS; last figure after R; Vortag (118)
sbv,1980-05,1980-05-30,I,CHF,356,1980-05-31,23,eye,SBV Inhaber; last figure after R; Vortag (360)
sbv,1980-05,1980-05-30,N,CHF,260,1980-05-31,23,eye,SBV Namen; last figure; Vortag (261)
sbv,1980-05,1980-05-30,PS,CHF,305,1980-05-31,23,eye,SBV PS; only figure; Vortag (304)
credit-suisse,1980-05,1980-05-30,I,CHF,2160,1980-05-31,23,eye,SKA Inhaber; last figure after R; Vortag (2160)
credit-suisse,1980-05,1980-05-30,N,CHF,397,1980-05-31,23,eye,SKA Namen; last figure; Vortag (399)
ciba-geigy,1980-05,1980-05-30,I,CHF,1065,1980-05-31,23,eye,Ciba-Geigy Inhaber; last figure 1065 (dagger mark); Vortag (1070)
ciba-geigy,1980-05,1980-05-30,N,CHF,595,1980-05-31,23,eye,Ciba-Geigy Namen; last figure (dagger mark); Vortag (597)
ciba-geigy,1980-05,1980-05-30,PS,CHF,815,1980-05-31,23,eye,Ciba-Geigy PS; last figure; Vortag (815)
nestle,1980-05,1980-05-30,I,CHF,3315,1980-05-31,23,eye,Nestle Inhaber; last figure; Vortag (3360)
nestle,1980-05,1980-05-30,N,CHF,2235,1980-05-31,23,eye,Nestle Namen; last figure; Vortag (2235)
sandoz,1980-05,1980-05-30,I,CHF,3675,1980-05-31,23,eye,Sandoz Inhaber; last figure after R; Vortag (3700)
sandoz,1980-05,1980-05-30,N,CHF,1680,1980-05-31,23,eye,Sandoz Namen; only figure; Vortag (1680)
sandoz,1980-05,1980-05-30,PS,CHF,465,1980-05-31,23,eye,Sandoz PS; last figure after R; Vortag (465)
slb,1980-05,1980-05-30,common,USD,110.25,1980-05-31,25,eye,"New York list ""vom 30. Mai"" column Schl. 110 1/4; JdG control 110.25 agrees"
ibm,1980-05,1980-05-30,common,USD,55.375,1980-05-31,25,eye,New York list column Schl. 55 3/8
bmw,1980-05,1980-05-30,ordinary,DEM,168,1980-05-31,26,eye,"Frankfurt list ""Kurse vom 30. Mai"" column Schluss; Vortag 170"
mercedes,1980-05,1980-05-30,common,DEM,267.50,1980-05-31,26,eye,Daimler-Benz column Schluss; Vortag 267.50
siemens,1980-05,1980-05-30,common,DEM,264.50,1980-05-31,26,eye,column Schluss; Vortag 265.40
swissair,1980-06,1980-06-30,I,CHF,768,1980-07-01,17,eye,Zurich list; last figure after R; Vortag (760)
swissair,1980-06,1980-06-30,N,CHF,775,1980-07-01,17,eye,Zurich list; last figure after R; Vortag (775)
ubs,1980-06,1980-06-30,I,CHF,3240,1980-07-01,17,eye,SBG Inhaber; last figure; Vortag (3240)
ubs,1980-06,1980-06-30,N,CHF,597,1980-07-01,17,eye,SBG Namen; only figure; Vortag (594)
ubs,1980-06,1980-06-30,PS,CHF,113.50,1980-07-01,17,eye,SBG PS; last figure after R; Vortag (114)
sbv,1980-06,1980-06-30,I,CHF,373,1980-07-01,17,eye,SBV Inhaber; last figure after R; Vortag (373)
sbv,1980-06,1980-06-30,N,CHF,257,1980-07-01,17,eye,SBV Namen; last figure after R; Vortag (254)
sbv,1980-06,1980-06-30,PS,CHF,304,1980-07-01,17,eye,SBV PS; last figure; Vortag (304)
credit-suisse,1980-06,1980-06-30,I,CHF,2195,1980-07-01,17,eye,SKA Inhaber; last figure after R; Vortag (2195)
credit-suisse,1980-06,1980-06-30,N,CHF,390,1980-07-01,17,eye,SKA Namen; last figure; Vortag (390)
ciba-geigy,1980-06,1980-06-30,I,CHF,1150,1980-07-01,17,eye,"Ciba-Geigy Inhaber; last figure after dagger sequence; Vortag (1140); block trades ""dt 50"" in sequence ignored"
ciba-geigy,1980-06,1980-06-30,N,CHF,600,1980-07-01,17,eye,Ciba-Geigy Namen; last figure; Vortag (597)
ciba-geigy,1980-06,1980-06-30,PS,CHF,860,1980-07-01,17,eye,Ciba-Geigy PS; last figure 860 (dagger L marks); Vortag (860)
nestle,1980-06,1980-06-30,I,CHF,3530,1980-07-01,17,eye,Nestle Inhaber; last figure after R; Vortag (3565)
nestle,1980-06,1980-06-30,N,CHF,2230,1980-07-01,17,eye,Nestle Namen; last figure; Vortag (2230)
sandoz,1980-06,1980-06-30,I,CHF,3750,1980-07-01,17,eye,Sandoz Inhaber; last figure after R; Vortag (3750)
sandoz,1980-06,1980-06-30,N,CHF,1725,1980-07-01,17,eye,Sandoz Namen; last figure 1725L (L suffix as printed); Vortag (1715)
sandoz,1980-06,1980-06-30,PS,CHF,467,1980-07-01,17,eye,Sandoz PS; last figure; Vortag (465)
slb,1980-06,1980-06-30,common,USD,115.5,1980-07-01,19,eye,"New York list ""vom 30. Juni"" column Schl. 115 1/2; JdG control 115.5 agrees"
ibm,1980-06,1980-06-30,common,USD,58.75,1980-07-01,19,eye,New York list column Schl. 58 3/4
bmw,1980-06,1980-06-30,ordinary,DEM,152,1980-07-01,20,eye,"Frankfurt list ""Kurse vom 30. Juni"" column Schluss; Vortag 150; JdG print 151.5 (differs by 0.5)"
mercedes,1980-06,1980-06-30,common,DEM,263.50,1980-07-01,20,eye,Daimler-Benz column Schluss; Vortag 263.30; JdG print 263.5 agrees
siemens,1980-06,1980-06-30,common,DEM,273.50,1980-07-01,20,eye,column Schluss; Vortag 274; JdG print 273.5 agrees
swissair,1980-07,1980-07-31,I,CHF,743,1980-08-02,23,eye,"Zurich list ""Kurse vom 31. Juli""; last figure of sequence (after R: 743, 747+++L, 745, 743); Vortag (740)"
swissair,1980-07,1980-07-31,N,CHF,750,1980-08-02,23,eye,Zurich list; last figure 750L (L suffix as printed); Vortag (740)
ubs,1980-07,1980-07-31,I,CHF,3400,1980-08-02,23,eye,SBG Inhaber; last figure after R; Vortag (3395)
ubs,1980-07,1980-07-31,N,CHF,615,1980-08-02,23,eye,SBG Namen; only figure; Vortag (612)
ubs,1980-07,1980-07-31,PS,CHF,115.50,1980-08-02,23,eye,SBG PS; last figure after R; Vortag (115)
sbv,1980-07,1980-07-31,I,CHF,383,1980-08-02,23,eye,SBV Inhaber; last figure; Vortag (383)
sbv,1980-07,1980-07-31,N,CHF,268,1980-08-02,23,eye,SBV Namen; last figure after R; Vortag (270)
sbv,1980-07,1980-07-31,PS,CHF,321,1980-08-02,23,eye,SBV PS; last figure after R; Vortag (318)
credit-suisse,1980-07,1980-07-31,I,CHF,2325,1980-08-02,23,eye,SKA Inhaber; last figure after R; Vortag (2320)
credit-suisse,1980-07,1980-07-31,N,CHF,400,1980-08-02,23,eye,SKA Namen; last figure; Vortag (401)
ciba-geigy,1980-07,1980-07-31,I,CHF,1120,1980-08-02,23,eye,Ciba-Geigy Inhaber; last figure; Vortag (1125)
ciba-geigy,1980-07,1980-07-31,N,CHF,612,1980-08-02,23,eye,Ciba-Geigy Namen; last figure; Vortag (612)
ciba-geigy,1980-07,1980-07-31,PS,CHF,890,1980-08-02,23,eye,Ciba-Geigy PS; only figure; Vortag (885)
nestle,1980-07,1980-07-31,I,CHF,3495,1980-08-02,23,eye,Nestle Inhaber; last figure after R; Vortag (3475)
nestle,1980-07,1980-07-31,N,CHF,2230,1980-08-02,23,eye,Nestle Namen; last figure after R; Vortag (2230)
sandoz,1980-07,1980-07-31,I,CHF,3810,1980-08-02,23,eye,Sandoz Inhaber; only figure; Vortag (3810)
sandoz,1980-07,1980-07-31,N,CHF,1795,1980-08-02,23,eye,Sandoz Namen; last figure 1795 (dagger marks); Vortag (1790)
sandoz,1980-07,1980-07-31,PS,CHF,478,1980-08-02,23,eye,Sandoz PS; last figure 478 (dagger L); Vortag (479)
slb,1980-07,1980-07-31,common,USD,129.75,1980-08-02,25,eye,"New York list headed ""vom 1. August""; 31 July taken from column Vortag 129 3/4 (Schl. of 1 Aug 127 7/8); JdG control 129.75 agrees"
ibm,1980-07,1980-07-31,common,USD,65.125,1980-08-02,25,eye,"New York list headed ""vom 1. August""; 31 July from column Vortag 65 1/8 (Schl. of 1 Aug 65)"
bmw,1980-07,1980-07-31,ordinary,DEM,142.50,1980-08-02,26,eye,"Frankfurt list headed ""Kurse vom 1. August""; 31 July from column Vortag (Schluss 1 Aug also 142.50)"
mercedes,1980-07,1980-07-31,common,DEM,263,1980-08-02,26,eye,Daimler-Benz row; 31 July from column Vortag (Schluss 1 Aug 262.50)
siemens,1980-07,1980-07-31,common,DEM,282,1980-08-02,26,eye,31 July from column Vortag (Schluss 1 Aug also 282)
swissair,1980-08,1980-08-29,I,CHF,731,1980-08-30,23,eye,"Zurich running-text list ""Kurse vom""; last figure of the day; Vortag 733"
swissair,1980-08,1980-08-29,N,CHF,732,1980-08-30,23,eye,"Zurich running-text list ""Kurse vom""; last figure of the day; Vortag 734"
ubs,1980-08,1980-08-29,I,CHF,3410,1980-08-30,23,eye,"Zurich running-text list ""Kurse vom""; last figure of the day; Vortag 3400"
ubs,1980-08,1980-08-29,N,CHF,615,1980-08-30,23,eye,"Zurich running-text list ""Kurse vom""; last figure of the day; Vortag 614"
ubs,1980-08,1980-08-29,PS,CHF,123,1980-08-30,23,eye,"Zurich running-text list ""Kurse vom""; last figure of the day; Vortag 118.50"
sbv,1980-08,1980-08-29,I,CHF,379,1980-08-30,23,eye,"Zurich running-text list ""Kurse vom""; last figure of the day; Vortag 379"
sbv,1980-08,1980-08-29,N,CHF,264,1980-08-30,23,eye,"Zurich running-text list ""Kurse vom""; last figure of the day; Vortag 261"
sbv,1980-08,1980-08-29,PS,CHF,316,1980-08-30,23,eye,"Zurich running-text list ""Kurse vom""; last figure of the day; Vortag 312"
credit-suisse,1980-08,1980-08-29,I,CHF,2370,1980-08-30,23,eye,"Zurich running-text list ""Kurse vom""; last figure of the day; Vortag 2350; sequence contains an apparent misprint 3470 before R"
credit-suisse,1980-08,1980-08-29,N,CHF,415,1980-08-30,23,eye,"Zurich running-text list ""Kurse vom""; last figure of the day; Vortag 412"
ciba-geigy,1980-08,1980-08-29,I,CHF,1115,1980-08-30,23,eye,"Zurich running-text list ""Kurse vom""; last figure of the day; Vortag 1100"
ciba-geigy,1980-08,1980-08-29,N,CHF,593,1980-08-30,23,eye,"Zurich running-text list ""Kurse vom""; last figure of the day; Vortag 596"
ciba-geigy,1980-08,1980-08-29,PS,CHF,865,1980-08-30,23,eye,"Zurich running-text list ""Kurse vom""; last figure of the day; Vortag 855"
nestle,1980-08,1980-08-29,I,CHF,3435,1980-08-30,23,eye,"Zurich running-text list ""Kurse vom""; last figure of the day; Vortag 3425; sequence ""3535, R, 3435"" (3535 treated as an early trade or misprint)"
nestle,1980-08,1980-08-29,N,CHF,2220,1980-08-30,23,eye,"Zurich running-text list ""Kurse vom""; last figure of the day; Vortag 2215"
sandoz,1980-08,1980-08-29,I,CHF,3800,1980-08-30,23,eye,"Zurich running-text list ""Kurse vom""; last figure of the day; Vortag 3780"
sandoz,1980-08,1980-08-29,N,CHF,1785,1980-08-30,23,eye,"Zurich running-text list ""Kurse vom""; last figure of the day; Vortag 1785"
sandoz,1980-08,1980-08-29,PS,CHF,485,1980-08-30,23,eye,"Zurich running-text list ""Kurse vom""; last figure of the day; Vortag 485"
slb,1980-08,1980-08-29,common,USD,133.125,1980-08-30,25,eye,"New York list; header ""vom 29. August"" in all three tables; column Schl. 133 1/8; JdG control 133.125 agrees"
ibm,1980-08,1980-08-29,common,USD,65.5,1980-08-30,25,eye,"New York list; header ""vom 29. August"" in all three tables; column Schl. 65 1/2"
bmw,1980-08,1980-08-29,ordinary,DEM,151.50,1980-08-30,26,eye,"Frankfurt list; header ""vom 29. August"" in all three tables; Vortag 153"
mercedes,1980-08,1980-08-29,common,DEM,262,1980-08-30,26,eye,"Frankfurt list; header ""vom 29. August"" in all three tables; Daimler-Benz row; Vortag 262.50"
siemens,1980-08,1980-08-29,common,DEM,274.50,1980-08-30,26,eye,"Frankfurt list; header ""vom 29. August"" in all three tables; Vortag 275.50"
swissair,1980-09,1980-09-30,I,CHF,701,1980-10-01,25,eye,"Zurich running-text list ""Kurse vom""; last figure of the day; Vortag 717; last figure of sequence"
swissair,1980-09,1980-09-30,N,CHF,723,1980-10-01,25,eye,"Zurich running-text list ""Kurse vom""; last figure of the day; Vortag 735"
ubs,1980-09,1980-09-30,I,CHF,3420,1980-10-01,25,eye,"Zurich running-text list ""Kurse vom""; last figure of the day; Vortag 3440"
ubs,1980-09,1980-09-30,N,CHF,620,1980-10-01,25,eye,"Zurich running-text list ""Kurse vom""; last figure of the day; Vortag 620 as (620) after Namen"
ubs,1980-09,1980-09-30,PS,CHF,119,1980-10-01,25,eye,"Zurich running-text list ""Kurse vom""; last figure of the day; Vortag 119"
sbv,1980-09,1980-09-30,I,CHF,373,1980-10-01,25,eye,"Zurich running-text list ""Kurse vom""; last figure of the day; Vortag 376"
sbv,1980-09,1980-09-30,N,CHF,264,1980-10-01,25,eye,"Zurich running-text list ""Kurse vom""; last figure of the day; Vortag 265"
sbv,1980-09,1980-09-30,PS,CHF,306,1980-10-01,25,eye,"Zurich running-text list ""Kurse vom""; last figure of the day; Vortag 310"
credit-suisse,1980-09,1980-09-30,I,CHF,2525,1980-10-01,25,eye,"Zurich running-text list ""Kurse vom""; last figure of the day; Vortag 2530"
credit-suisse,1980-09,1980-09-30,N,CHF,425,1980-10-01,25,eye,"Zurich running-text list ""Kurse vom""; last figure of the day; Vortag 430; last figure 425L"
ciba-geigy,1980-09,1980-09-30,I,CHF,1045,1980-10-01,25,eye,"Zurich running-text list ""Kurse vom""; last figure of the day; Vortag 1050"
ciba-geigy,1980-09,1980-09-30,N,CHF,585,1980-10-01,25,eye,"Zurich running-text list ""Kurse vom""; last figure of the day; Vortag 587"
ciba-geigy,1980-09,1980-09-30,PS,CHF,835,1980-10-01,25,eye,"Zurich running-text list ""Kurse vom""; last figure of the day; Vortag 835"
nestle,1980-09,1980-09-30,I,CHF,3200,1980-10-01,25,eye,"Zurich running-text list ""Kurse vom""; last figure of the day; Vortag 3190; last figure 3200L"
nestle,1980-09,1980-09-30,N,CHF,2120,1980-10-01,25,eye,"Zurich running-text list ""Kurse vom""; last figure of the day; Vortag 2130"
sandoz,1980-09,1980-09-30,I,CHF,3850,1980-10-01,25,eye,"Zurich running-text list ""Kurse vom""; last figure of the day; Vortag 3875"
sandoz,1980-09,1980-09-30,N,CHF,1760,1980-10-01,25,eye,"Zurich running-text list ""Kurse vom""; last figure of the day; Vortag 1765"
sandoz,1980-09,1980-09-30,PS,CHF,471,1980-10-01,25,eye,"Zurich running-text list ""Kurse vom""; last figure of the day; Vortag 473"
slb,1980-09,1980-09-30,common,USD,143,1980-10-01,27,eye,"New York list; header ""vom 30. September"" in all three tables; format changed: sequences without commas; column Schluss 143; JdG control 143 agrees"
ibm,1980-09,1980-09-30,common,USD,64.25,1980-10-01,27,eye,"New York list; header ""vom 30. September"" in all three tables; format changed: sequences without commas; column Schluss 64 1/4; Vortag 63 3/4"
bmw,1980-09,1980-09-30,ordinary,DEM,162,1980-10-01,28,eye,"Frankfurt list; header ""vom 30. September"" in all three tables; format changed: sequences without commas; Vortag 161; JdG print 162 agrees"
mercedes,1980-09,1980-09-30,common,DEM,265.80,1980-10-01,28,eye,"Frankfurt list; header ""vom 30. September"" in all three tables; format changed: sequences without commas; Daimler-Benz; JdG print 265.8 agrees"
siemens,1980-09,1980-09-30,common,DEM,274.80,1980-10-01,28,eye,"Frankfurt list; header ""vom 30. September"" in all three tables; format changed: sequences without commas; JdG print 274.9 (differs by 0.1; re-read twice as 274.80)"
swissair,1980-10,1980-10-31,I,CHF,695,1980-11-01,23,eye,"Zurich running-text list ""Kurse vom""; last figure of the day; Vortag 698; last figure 695L; printed ""Swisser Inh."""
swissair,1980-10,1980-10-31,N,CHF,690,1980-11-01,23,eye,"Zurich running-text list ""Kurse vom""; last figure of the day; Vortag 690"
ubs,1980-10,1980-10-31,I,CHF,3465,1980-11-01,23,eye,"Zurich running-text list ""Kurse vom""; last figure of the day; Vortag 3460"
ubs,1980-10,1980-10-31,N,CHF,628,1980-11-01,23,eye,"Zurich running-text list ""Kurse vom""; last figure of the day; Vortag 625"
ubs,1980-10,1980-10-31,PS,CHF,122,1980-11-01,23,eye,"Zurich running-text list ""Kurse vom""; last figure of the day; Vortag 122"
sbv,1980-10,1980-10-31,I,CHF,374,1980-11-01,23,eye,"Zurich running-text list ""Kurse vom""; last figure of the day; Vortag 373"
sbv,1980-10,1980-10-31,N,CHF,267,1980-11-01,23,eye,"Zurich running-text list ""Kurse vom""; last figure of the day; Vortag 267"
sbv,1980-10,1980-10-31,PS,CHF,314,1980-11-01,23,eye,"Zurich running-text list ""Kurse vom""; last figure of the day; Vortag 312"
credit-suisse,1980-10,1980-10-31,I,CHF,2590,1980-11-01,23,eye,"Zurich running-text list ""Kurse vom""; last figure of the day; Vortag 2605"
credit-suisse,1980-10,1980-10-31,N,CHF,437,1980-11-01,23,eye,"Zurich running-text list ""Kurse vom""; last figure of the day; Vortag 440"
ciba-geigy,1980-10,1980-10-31,I,CHF,1015,1980-11-01,23,eye,"Zurich running-text list ""Kurse vom""; last figure of the day; Vortag 1005"
ciba-geigy,1980-10,1980-10-31,N,CHF,582,1980-11-01,23,eye,"Zurich running-text list ""Kurse vom""; last figure of the day; Vortag 582"
ciba-geigy,1980-10,1980-10-31,PS,CHF,780,1980-11-01,23,eye,"Zurich running-text list ""Kurse vom""; last figure of the day; Vortag 785; long sequence, last figure 780"
nestle,1980-10,1980-10-31,I,CHF,3130,1980-11-01,23,eye,"Zurich running-text list ""Kurse vom""; last figure of the day; Vortag 3105"
nestle,1980-10,1980-10-31,N,CHF,2110,1980-11-01,23,eye,"Zurich running-text list ""Kurse vom""; last figure of the day; Vortag 2090"
sandoz,1980-10,1980-10-31,I,CHF,3650,1980-11-01,23,eye,"Zurich running-text list ""Kurse vom""; last figure of the day; Vortag 3600"
sandoz,1980-10,1980-10-31,N,CHF,1680,1980-11-01,23,eye,"Zurich running-text list ""Kurse vom""; last figure of the day; Vortag 1680"
sandoz,1980-10,1980-10-31,PS,CHF,436,1980-11-01,23,eye,"Zurich running-text list ""Kurse vom""; last figure of the day; Vortag 438"
slb,1980-10,1980-10-31,common,USD,108.125,1980-11-01,25,eye,"New York list; header ""vom 31. Oktober"" in all three tables; column Schluss 108 1/8; JdG control 108.125 agrees"
ibm,1980-10,1980-10-31,common,USD,66.625,1980-11-01,25,eye,"New York list; header ""vom 31. Oktober"" in all three tables; column Schluss 66 5/8; Vortag 65 1/4"
bmw,1980-10,1980-10-31,ordinary,DEM,153,1980-11-01,26,eye,"Frankfurt list; header ""vom 31. Oktober"" in all three tables; Vortag 152.50"
mercedes,1980-10,1980-10-31,common,DEM,266.50,1980-11-01,26,eye,"Frankfurt list; header ""vom 31. Oktober"" in all three tables; Daimler-Benz; Vortag 268"
siemens,1980-10,1980-10-31,common,DEM,273.70,1980-11-01,26,eye,"Frankfurt list; header ""vom 31. Oktober"" in all three tables; Vortag 276"
swissair,1980-11,1980-11-28,I,CHF,612,1980-11-29,25,eye,"Zurich running-text list ""Kurse vom""; last figure of the day; Vortag 640; last figure of a very long sequence"
swissair,1980-11,1980-11-28,N,CHF,585,1980-11-29,25,eye,"Zurich running-text list ""Kurse vom""; last figure of the day; Vortag 620; last figure of a long sequence"
ubs,1980-11,1980-11-28,I,CHF,3560,1980-11-29,25,eye,"Zurich running-text list ""Kurse vom""; last figure of the day; Vortag 3580; ""neue"" line (3480 -> 3465) ignored"
ubs,1980-11,1980-11-28,N,CHF,627,1980-11-29,25,eye,"Zurich running-text list ""Kurse vom""; last figure of the day; Vortag 623"
ubs,1980-11,1980-11-28,PS,CHF,122.50,1980-11-29,25,eye,"Zurich running-text list ""Kurse vom""; last figure of the day; Vortag 122.50; ""neue"" line ignored"
sbv,1980-11,1980-11-28,I,CHF,386,1980-11-29,25,eye,"Zurich running-text list ""Kurse vom""; last figure of the day; Vortag printed ""6388"" (probably 388, misprint)"
sbv,1980-11,1980-11-28,N,CHF,275,1980-11-29,25,eye,"Zurich running-text list ""Kurse vom""; last figure of the day; Vortag 277"
sbv,1980-11,1980-11-28,PS,CHF,312,1980-11-29,25,eye,"Zurich running-text list ""Kurse vom""; last figure of the day; Vortag 315"
credit-suisse,1980-11,1980-11-28,I,CHF,2620,1980-11-29,25,eye,"Zurich running-text list ""Kurse vom""; last figure of the day; Vortag 2630; ""neue"" line ignored"
credit-suisse,1980-11,1980-11-28,N,CHF,440,1980-11-29,25,eye,"Zurich running-text list ""Kurse vom""; last figure of the day; Vortag 439"
ciba-geigy,1980-11,1980-11-28,I,CHF,960,1980-11-29,25,eye,"Zurich running-text list ""Kurse vom""; last figure of the day; Vortag 950"
ciba-geigy,1980-11,1980-11-28,N,CHF,560,1980-11-29,25,eye,"Zurich running-text list ""Kurse vom""; last figure of the day; Vortag 555"
ciba-geigy,1980-11,1980-11-28,PS,CHF,755,1980-11-29,25,eye,"Zurich running-text list ""Kurse vom""; last figure of the day; Vortag 760"
nestle,1980-11,1980-11-28,I,CHF,3035,1980-11-29,25,eye,"Zurich running-text list ""Kurse vom""; last figure of the day; Vortag 3030"
nestle,1980-11,1980-11-28,N,CHF,2010,1980-11-29,25,eye,"Zurich running-text list ""Kurse vom""; last figure of the day; Vortag 2000"
sandoz,1980-11,1980-11-28,I,CHF,3550,1980-11-29,25,eye,"Zurich running-text list ""Kurse vom""; last figure of the day; Vortag 3600"
sandoz,1980-11,1980-11-28,N,CHF,1695,1980-11-29,25,eye,"Zurich running-text list ""Kurse vom""; last figure of the day; Vortag 1680"
sandoz,1980-11,1980-11-28,PS,CHF,427,1980-11-29,25,eye,"Zurich running-text list ""Kurse vom""; last figure of the day; Vortag 427"
slb,1980-11,1980-11-28,common,USD,129.875,1980-11-29,27,eye,"New York list; header ""vom 28. November"" in all three tables; column Schluss 129 7/8; JdG control 129.875 agrees"
ibm,1980-11,1980-11-28,common,USD,68.5,1980-11-29,27,eye,"New York list; header ""vom 28. November"" in all three tables; column Schluss 68 1/2; Vortag 68 7/8"
bmw,1980-11,1980-11-28,ordinary,DEM,157,1980-11-29,28,eye,"Frankfurt list; header ""vom 28. November"" in all three tables; Vortag 157"
mercedes,1980-11,1980-11-28,common,DEM,270,1980-11-29,28,eye,"Frankfurt list; header ""vom 28. November"" in all three tables; Daimler-Benz; Vortag 268.50"
siemens,1980-11,1980-11-28,common,DEM,276.50,1980-11-29,28,eye,"Frankfurt list; header ""vom 28. November"" in all three tables; Vortag 277"
swissair,1980-12,1980-12-30,I,CHF,675,1980-12-31,19,eye,"Zurich running-text list ""Kurse vom""; last figure of the day; Vortag 675"
swissair,1980-12,1980-12-30,N,CHF,663,1980-12-31,19,eye,"Zurich running-text list ""Kurse vom""; last figure of the day; Vortag 660"
ubs,1980-12,1980-12-30,I,CHF,3600,1980-12-31,19,eye,"Zurich running-text list ""Kurse vom""; last figure of the day; Vortag 3595; ""neue"" line ignored"
ubs,1980-12,1980-12-30,N,CHF,650,1980-12-31,19,eye,"Zurich running-text list ""Kurse vom""; last figure of the day; Vortag 647"
ubs,1980-12,1980-12-30,PS,CHF,122.50,1980-12-31,19,eye,"Zurich running-text list ""Kurse vom""; last figure of the day; Vortag 122"
sbv,1980-12,1980-12-30,I,CHF,386,1980-12-31,19,eye,"Zurich running-text list ""Kurse vom""; last figure of the day; Vortag 387"
sbv,1980-12,1980-12-30,N,CHF,269,1980-12-31,19,eye,"Zurich running-text list ""Kurse vom""; last figure of the day; Vortag 269"
sbv,1980-12,1980-12-30,PS,CHF,310,1980-12-31,19,eye,"Zurich running-text list ""Kurse vom""; last figure of the day; Vortag 309"
credit-suisse,1980-12,1980-12-30,I,CHF,2700,1980-12-31,19,eye,"Zurich running-text list ""Kurse vom""; last figure of the day; Vortag 2695; last figure 2700L, ""neue"" line ignored"
credit-suisse,1980-12,1980-12-30,N,CHF,465,1980-12-31,19,eye,"Zurich running-text list ""Kurse vom""; last figure of the day; Vortag 460"
ciba-geigy,1980-12,1980-12-30,I,CHF,1000,1980-12-31,19,eye,"Zurich running-text list ""Kurse vom""; last figure of the day; Vortag 980; last figure 1000L"
ciba-geigy,1980-12,1980-12-30,N,CHF,558,1980-12-31,19,eye,"Zurich running-text list ""Kurse vom""; last figure of the day; Vortag 555"
ciba-geigy,1980-12,1980-12-30,PS,CHF,790,1980-12-31,19,eye,"Zurich running-text list ""Kurse vom""; last figure of the day; Vortag 760; last figure 790L"
nestle,1980-12,1980-12-30,I,CHF,3140,1980-12-31,19,eye,"Zurich running-text list ""Kurse vom""; last figure of the day; Vortag 3110"
nestle,1980-12,1980-12-30,N,CHF,2060,1980-12-31,19,eye,"Zurich running-text list ""Kurse vom""; last figure of the day; Vortag 2055; last figure 2060L"
sandoz,1980-12,1980-12-30,I,CHF,3600,1980-12-31,19,eye,"Zurich running-text list ""Kurse vom""; last figure of the day; Vortag 3585"
sandoz,1980-12,1980-12-30,N,CHF,1750,1980-12-31,19,eye,"Zurich running-text list ""Kurse vom""; last figure of the day; Vortag 1740; last figure 1750L"
sandoz,1980-12,1980-12-30,PS,CHF,430,1980-12-31,19,eye,"Zurich running-text list ""Kurse vom""; last figure of the day; Vortag 430"
slb,1980-12,1980-12-30,common,USD,117,1980-12-31,21,eye,"New York list; header ""vom 30. Dezember"" in all tables; last trading day of 1980 (31 Dec not printed); column Schluss 117; JdG control 117 agrees"
ibm,1980-12,1980-12-30,common,USD,68.75,1980-12-31,21,eye,"New York list; header ""vom 30. Dezember"" in all tables; last trading day of 1980 (31 Dec not printed); column Schluss 68 3/4; Vortag 68"
bmw,1980-12,1980-12-30,ordinary,DEM,151.50,1980-12-31,22,eye,"Frankfurt list; header ""vom 30. Dezember"" in all tables; last trading day of 1980 (31 Dec not printed); Vortag 154"
mercedes,1980-12,1980-12-30,common,DEM,263,1980-12-31,22,eye,"Frankfurt list; header ""vom 30. Dezember"" in all tables; last trading day of 1980 (31 Dec not printed); Daimler-Benz; Vortag 265.50"
siemens,1980-12,1980-12-30,common,DEM,259.50,1980-12-31,22,eye,"Frankfurt list; header ""vom 30. Dezember"" in all tables; last trading day of 1980 (31 Dec not printed); Vortag 260"
swissair,1981-01,1981-01-30,I,CHF,631,1981-01-31,23,eye,"Zurich running-text list ""Kurse vom""; last figure of the day; Vortag 640; last figure 631L"
swissair,1981-01,1981-01-30,N,CHF,610,1981-01-31,23,eye,"Zurich running-text list ""Kurse vom""; last figure of the day; Vortag 612"
ubs,1981-01,1981-01-30,I,CHF,3450,1981-01-31,23,eye,"Zurich running-text list ""Kurse vom""; last figure of the day; Vortag 3510; last figure before ""neue"" line"
ubs,1981-01,1981-01-30,N,CHF,622,1981-01-31,23,eye,"Zurich running-text list ""Kurse vom""; last figure of the day; Vortag 625"
ubs,1981-01,1981-01-30,PS,CHF,123.50,1981-01-31,23,eye,"Zurich running-text list ""Kurse vom""; last figure of the day; Vortag 124.50"
sbv,1981-01,1981-01-30,I,CHF,368,1981-01-31,23,eye,"Zurich running-text list ""Kurse vom""; last figure of the day; Vortag 370"
sbv,1981-01,1981-01-30,N,CHF,271,1981-01-31,23,eye,"Zurich running-text list ""Kurse vom""; last figure of the day; Vortag 273"
sbv,1981-01,1981-01-30,PS,CHF,297,1981-01-31,23,eye,"Zurich running-text list ""Kurse vom""; last figure of the day; Vortag 301"
credit-suisse,1981-01,1981-01-30,I,CHF,2565,1981-01-31,23,eye,"Zurich running-text list ""Kurse vom""; last figure of the day; Vortag 2590"
credit-suisse,1981-01,1981-01-30,N,CHF,449,1981-01-31,23,eye,"Zurich running-text list ""Kurse vom""; last figure of the day; Vortag 450"
ciba-geigy,1981-01,1981-01-30,I,CHF,990,1981-01-31,23,eye,"Zurich running-text list ""Kurse vom""; last figure of the day; Vortag 980; last figure 990tttL"
ciba-geigy,1981-01,1981-01-30,N,CHF,556,1981-01-31,23,eye,"Zurich running-text list ""Kurse vom""; last figure of the day; Vortag 556"
ciba-geigy,1981-01,1981-01-30,PS,CHF,755,1981-01-31,23,eye,"Zurich running-text list ""Kurse vom""; last figure of the day; Vortag 760"
nestle,1981-01,1981-01-30,I,CHF,3030,1981-01-31,23,eye,"Zurich running-text list ""Kurse vom""; last figure of the day; Vortag 3025; last figure 3030L"
nestle,1981-01,1981-01-30,N,CHF,2035,1981-01-31,23,eye,"Zurich running-text list ""Kurse vom""; last figure of the day; Vortag 2025"
sandoz,1981-01,1981-01-30,I,CHF,3400,1981-01-31,23,eye,"Zurich running-text list ""Kurse vom""; last figure of the day; Vortag 3425; only figure"
sandoz,1981-01,1981-01-30,N,CHF,1700,1981-01-31,23,eye,"Zurich running-text list ""Kurse vom""; last figure of the day; Vortag 1705"
sandoz,1981-01,1981-01-30,PS,CHF,431,1981-01-31,23,eye,"Zurich running-text list ""Kurse vom""; last figure of the day; Vortag 431"
slb,1981-01,1981-01-30,common,USD,105.125,1981-01-31,25,eye,"New York list; header ""vom 30. Januar"" in all tables; column Schluss 105 1/8; Vortag 108 1/2; JdG control 105.125 agrees"
ibm,1981-01,1981-01-30,common,USD,64.875,1981-01-31,25,eye,"New York list; header ""vom 30. Januar"" in all tables; column Schluss 64 7/8; Vortag 65"
bmw,1981-01,1981-01-30,ordinary,DEM,146,1981-01-31,26,eye,"Frankfurt list; header ""vom 30. Januar"" in all tables; Vortag 147"
mercedes,1981-01,1981-01-30,common,DEM,262.50,1981-01-31,26,eye,"Frankfurt list; header ""vom 30. Januar"" in all tables; Daimler-Benz; Vortag 264.50"
siemens,1981-01,1981-01-30,common,DEM,256.50,1981-01-31,26,eye,"Frankfurt list; header ""vom 30. Januar"" in all tables; Vortag 258"
swissair,1981-02,1981-02-27,I,CHF,680,1981-02-28,23,eye,"Zurich running-text list ""Kurse vom""; last figure of the day; Vortag 678"
swissair,1981-02,1981-02-27,N,CHF,637,1981-02-28,23,eye,"Zurich running-text list ""Kurse vom""; last figure of the day; Vortag 625"
ubs,1981-02,1981-02-27,I,CHF,3390,1981-02-28,23,eye,"Zurich running-text list ""Kurse vom""; last figure of the day; Vortag 3340"
ubs,1981-02,1981-02-27,N,CHF,621,1981-02-28,23,eye,"Zurich running-text list ""Kurse vom""; last figure of the day; Vortag 618"
ubs,1981-02,1981-02-27,PS,CHF,123,1981-02-28,23,eye,"Zurich running-text list ""Kurse vom""; last figure of the day; Vortag 122.50"
sbv,1981-02,1981-02-27,I,CHF,374,1981-02-28,23,eye,"Zurich running-text list ""Kurse vom""; last figure of the day; Vortag 375"
sbv,1981-02,1981-02-27,N,CHF,267,1981-02-28,23,eye,"Zurich running-text list ""Kurse vom""; last figure of the day; Vortag 265"
sbv,1981-02,1981-02-27,PS,CHF,292,1981-02-28,23,eye,"Zurich running-text list ""Kurse vom""; last figure of the day; Vortag 294"
credit-suisse,1981-02,1981-02-27,I,CHF,2640,1981-02-28,23,eye,"Zurich running-text list ""Kurse vom""; last figure of the day; Vortag 2590"
credit-suisse,1981-02,1981-02-27,N,CHF,459,1981-02-28,23,eye,"Zurich running-text list ""Kurse vom""; last figure of the day; Vortag 456"
ciba-geigy,1981-02,1981-02-27,I,CHF,1045,1981-02-28,23,eye,"Zurich running-text list ""Kurse vom""; last figure of the day; Vortag 1055"
ciba-geigy,1981-02,1981-02-27,N,CHF,562,1981-02-28,23,eye,"Zurich running-text list ""Kurse vom""; last figure of the day; Vortag 560"
ciba-geigy,1981-02,1981-02-27,PS,CHF,790,1981-02-28,23,eye,"Zurich running-text list ""Kurse vom""; last figure of the day; Vortag 800"
nestle,1981-02,1981-02-27,I,CHF,3085,1981-02-28,23,eye,"Zurich running-text list ""Kurse vom""; last figure of the day; Vortag 3090"
nestle,1981-02,1981-02-27,N,CHF,2045,1981-02-28,23,eye,"Zurich running-text list ""Kurse vom""; last figure of the day; Vortag 2030; block trades ""2100 dt 50"" in sequence ignored"
sandoz,1981-02,1981-02-27,I,CHF,3950,1981-02-28,23,eye,"Zurich running-text list ""Kurse vom""; last figure of the day; Vortag 3925"
sandoz,1981-02,1981-02-27,N,CHF,1730,1981-02-28,23,eye,"Zurich running-text list ""Kurse vom""; last figure of the day; Vortag 1735; only figure"
sandoz,1981-02,1981-02-27,PS,CHF,485,1981-02-28,23,eye,"Zurich running-text list ""Kurse vom""; last figure of the day; Vortag 478"
slb,1981-02,1981-02-27,common,USD,109.5,1981-02-28,25,eye,"New York list; header ""vom 27. Februar"" in all tables; column Schluss 109 1/2; JdG control 109.5 agrees"
ibm,1981-02,1981-02-27,common,USD,64.25,1981-02-28,25,eye,"New York list; header ""vom 27. Februar"" in all tables; column Schluss 64 1/4"
bmw,1981-02,1981-02-27,ordinary,DEM,154,1981-02-28,26,eye,"Frankfurt list; header ""vom 27. Februar"" in all tables; Vortag 155.50"
mercedes,1981-02,1981-02-27,common,DEM,265,1981-02-28,26,eye,"Frankfurt list; header ""vom 27. Februar"" in all tables; Daimler-Benz; Vortag 266.50"
siemens,1981-02,1981-02-27,common,DEM,246.50,1981-02-28,26,eye,"Frankfurt list; header ""vom 27. Februar"" in all tables; Vortag 247"
swissair,1981-03,1981-03-31,I,CHF,703,1981-04-01,25,eye,"Zurich running-text list ""Kurse vom""; last figure of the day; Vortag 700"
swissair,1981-03,1981-03-31,N,CHF,660,1981-04-01,25,eye,"Zurich running-text list ""Kurse vom""; last figure of the day; Vortag 663"
ubs,1981-03,1981-03-31,I,CHF,3340,1981-04-01,25,eye,"Zurich running-text list ""Kurse vom""; last figure of the day; Vortag 3348; last figure before ""neue"" line"
ubs,1981-03,1981-03-31,N,CHF,610,1981-04-01,25,eye,"Zurich running-text list ""Kurse vom""; last figure of the day; Vortag 615"
ubs,1981-03,1981-03-31,PS,CHF,117,1981-04-01,25,eye,"Zurich running-text list ""Kurse vom""; last figure of the day; Vortag 117"
sbv,1981-03,1981-03-31,I,CHF,373,1981-04-01,25,eye,"Zurich running-text list ""Kurse vom""; last figure of the day; Vortag 371"
sbv,1981-03,1981-03-31,N,CHF,250,1981-04-01,25,eye,"Zurich running-text list ""Kurse vom""; last figure of the day; Vortag 251"
sbv,1981-03,1981-03-31,PS,CHF,289,1981-04-01,25,eye,"Zurich running-text list ""Kurse vom""; last figure of the day; Vortag 290; last figure 289L"
credit-suisse,1981-03,1981-03-31,I,CHF,2350,1981-04-01,25,eye,"Zurich running-text list ""Kurse vom""; last figure of the day; Vortag 2355; Anr. lines ignored"
credit-suisse,1981-03,1981-03-31,N,CHF,420,1981-04-01,25,eye,"Zurich running-text list ""Kurse vom""; last figure of the day; Vortag 421"
ciba-geigy,1981-03,1981-03-31,I,CHF,1160,1981-04-01,25,eye,"Zurich running-text list ""Kurse vom""; last figure of the day; Vortag 1140; last figure 1160L"
ciba-geigy,1981-03,1981-03-31,N,CHF,572,1981-04-01,25,eye,"Zurich running-text list ""Kurse vom""; last figure of the day; Vortag 568"
ciba-geigy,1981-03,1981-03-31,PS,CHF,850,1981-04-01,25,eye,"Zurich running-text list ""Kurse vom""; last figure of the day; Vortag 830; block trades ""875 dt 30"" in sequence ignored"
nestle,1981-03,1981-03-31,I,CHF,3100,1981-04-01,25,eye,"Zurich running-text list ""Kurse vom""; last figure of the day; Vortag 3090"
nestle,1981-03,1981-03-31,N,CHF,2000,1981-04-01,25,eye,"Zurich running-text list ""Kurse vom""; last figure of the day; Vortag 2000"
sandoz,1981-03,1981-03-31,I,CHF,4150,1981-04-01,25,eye,"Zurich running-text list ""Kurse vom""; last figure of the day; Vortag 4175"
sandoz,1981-03,1981-03-31,N,CHF,1740,1981-04-01,25,eye,"Zurich running-text list ""Kurse vom""; last figure of the day; Vortag 1750"
sandoz,1981-03,1981-03-31,PS,CHF,500,1981-04-01,25,eye,"Zurich running-text list ""Kurse vom""; last figure of the day; Vortag 497"
slb,1981-03,1981-03-31,common,USD,101.625,1981-04-01,27,eye,"New York list; header ""vom 31. Maerz"" in all tables; column Schluss 101 5/8; JdG control 101.625 agrees (JdG 1 Apr 16h snapshot differs, as noted there)"
ibm,1981-03,1981-03-31,common,USD,62.5,1981-04-01,27,eye,"New York list; header ""vom 31. Maerz"" in all tables; column Schluss 62 1/2"
bmw,1981-03,1981-03-31,ordinary,DEM,158.50,1981-04-01,28,eye,"Frankfurt list; header ""vom 31. Maerz"" in all tables; Vortag 157"
mercedes,1981-03,1981-03-31,common,DEM,274.50,1981-04-01,28,eye,"Frankfurt list; header ""vom 31. Maerz"" in all tables; Daimler-Benz; Vortag 272.70"
siemens,1981-03,1981-03-31,common,DEM,246,1981-04-01,28,eye,"Frankfurt list; header ""vom 31. Maerz"" in all tables; Vortag 244.50"
swissair,1981-04,1981-04-30,I,CHF,742,1981-05-02,25,eye,"Zurich running-text list ""Kurse vom""; last figure of the day; Vortag 752"
swissair,1981-04,1981-04-30,N,CHF,659,1981-05-02,25,eye,"Zurich running-text list ""Kurse vom""; last figure of the day; Vortag 663"
ubs,1981-04,1981-04-30,I,CHF,3050,1981-05-02,25,eye,"Zurich running-text list ""Kurse vom""; last figure of the day; Vortag 3065"
ubs,1981-04,1981-04-30,N,CHF,550,1981-05-02,25,eye,"Zurich running-text list ""Kurse vom""; last figure of the day; Vortag 555"
ubs,1981-04,1981-04-30,PS,CHF,104.50,1981-05-02,25,eye,"Zurich running-text list ""Kurse vom""; last figure of the day; Vortag 105"
sbv,1981-04,1981-04-30,I,CHF,335,1981-05-02,25,eye,"Zurich running-text list ""Kurse vom""; last figure of the day; Vortag 341"
sbv,1981-04,1981-04-30,N,CHF,216,1981-05-02,25,eye,"Zurich running-text list ""Kurse vom""; last figure of the day; Vortag 220"
sbv,1981-04,1981-04-30,PS,CHF,260,1981-05-02,25,eye,"Zurich running-text list ""Kurse vom""; last figure of the day; Vortag 265"
credit-suisse,1981-04,1981-04-30,I,CHF,2280,1981-05-02,25,eye,"Zurich running-text list ""Kurse vom""; last figure of the day; Vortag 2330"
credit-suisse,1981-04,1981-04-30,N,CHF,410,1981-05-02,25,eye,"Zurich running-text list ""Kurse vom""; last figure of the day; Vortag 415"
ciba-geigy,1981-04,1981-04-30,I,CHF,1175,1981-05-02,25,eye,"Zurich running-text list ""Kurse vom""; last figure of the day; Vortag 1195"
ciba-geigy,1981-04,1981-04-30,N,CHF,557,1981-05-02,25,eye,"Zurich running-text list ""Kurse vom""; last figure of the day; Vortag 562"
ciba-geigy,1981-04,1981-04-30,PS,CHF,865,1981-05-02,25,eye,"Zurich running-text list ""Kurse vom""; last figure of the day; Vortag 885"
nestle,1981-04,1981-04-30,I,CHF,3140,1981-05-02,25,eye,"Zurich running-text list ""Kurse vom""; last figure of the day; Vortag 3160"
nestle,1981-04,1981-04-30,N,CHF,2000,1981-05-02,25,eye,"Zurich running-text list ""Kurse vom""; last figure of the day; Vortag 1995; last figure 2000ttt after ""1990 R"""
sandoz,1981-04,1981-04-30,I,CHF,4400,1981-05-02,25,eye,"Zurich running-text list ""Kurse vom""; last figure of the day; Vortag 4350"
sandoz,1981-04,1981-04-30,N,CHF,1705,1981-05-02,25,eye,"Zurich running-text list ""Kurse vom""; last figure of the day; Vortag 1705"
sandoz,1981-04,1981-04-30,PS,CHF,525,1981-05-02,25,eye,"Zurich running-text list ""Kurse vom""; last figure of the day; Vortag 525"
slb,1981-04,1981-04-30,common,USD,98,1981-05-02,27,eye,"New York list; Swiss header ""vom 30. April""; NY header ""vom 1. Mai"" so 30 April taken from column Vortag; Frankfurt page header ""Kurse vom 30. April / 1. Mai"": Schluss column taken as 30 April because Frankfurt was closed on 1 May (assumption, not printed); column Vortag 98 (Schl. of 1 May 98 1/4); JdG control 98 agrees"
ibm,1981-04,1981-04-30,common,USD,58.625,1981-05-02,27,eye,"New York list; Swiss header ""vom 30. April""; NY header ""vom 1. Mai"" so 30 April taken from column Vortag; Frankfurt page header ""Kurse vom 30. April / 1. Mai"": Schluss column taken as 30 April because Frankfurt was closed on 1 May (assumption, not printed); column Vortag 58 5/8 (Schl. of 1 May 59 1/8)"
bmw,1981-04,1981-04-30,ordinary,DEM,173.80,1981-05-02,28,eye,"Frankfurt list; Swiss header ""vom 30. April""; NY header ""vom 1. Mai"" so 30 April taken from column Vortag; Frankfurt page header ""Kurse vom 30. April / 1. Mai"": Schluss column taken as 30 April because Frankfurt was closed on 1 May (assumption, not printed); Vortag 175.50"
mercedes,1981-04,1981-04-30,common,DEM,307,1981-05-02,28,eye,"Frankfurt list; Swiss header ""vom 30. April""; NY header ""vom 1. Mai"" so 30 April taken from column Vortag; Frankfurt page header ""Kurse vom 30. April / 1. Mai"": Schluss column taken as 30 April because Frankfurt was closed on 1 May (assumption, not printed); Daimler-Benz; Vortag 306.50"
siemens,1981-04,1981-04-30,common,DEM,260,1981-05-02,28,eye,"Frankfurt list; Swiss header ""vom 30. April""; NY header ""vom 1. Mai"" so 30 April taken from column Vortag; Frankfurt page header ""Kurse vom 30. April / 1. Mai"": Schluss column taken as 30 April because Frankfurt was closed on 1 May (assumption, not printed); Vortag 261.50"
swissair,1981-05,1981-05-29,I,CHF,729,1981-05-30,23,eye,"Zurich running-text list ""Kurse vom""; last figure of the day; Vortag 720"
swissair,1981-05,1981-05-29,N,CHF,629,1981-05-30,23,eye,"Zurich running-text list ""Kurse vom""; last figure of the day; Vortag 620"
ubs,1981-05,1981-05-29,I,CHF,3035,1981-05-30,23,eye,"Zurich running-text list ""Kurse vom""; last figure of the day; Vortag 3050; last figure before ""neue"" line"
ubs,1981-05,1981-05-29,N,CHF,520,1981-05-30,23,eye,"Zurich running-text list ""Kurse vom""; last figure of the day; Vortag 520"
ubs,1981-05,1981-05-29,PS,CHF,104.50,1981-05-30,23,eye,"Zurich running-text list ""Kurse vom""; last figure of the day; Vortag 104"
sbv,1981-05,1981-05-29,I,CHF,319,1981-05-30,23,eye,"Zurich running-text list ""Kurse vom""; last figure of the day; Vortag 318"
sbv,1981-05,1981-05-29,N,CHF,209,1981-05-30,23,eye,"Zurich running-text list ""Kurse vom""; last figure of the day; Vortag 205"
sbv,1981-05,1981-05-29,PS,CHF,236,1981-05-30,23,eye,"Zurich running-text list ""Kurse vom""; last figure of the day; Vortag 235"
credit-suisse,1981-05,1981-05-29,I,CHF,2150,1981-05-30,23,eye,"Zurich running-text list ""Kurse vom""; last figure of the day; Vortag 2105"
credit-suisse,1981-05,1981-05-29,N,CHF,391,1981-05-30,23,eye,"Zurich running-text list ""Kurse vom""; last figure of the day; Vortag 390"
ciba-geigy,1981-05,1981-05-29,I,CHF,1160,1981-05-30,23,eye,"Zurich running-text list ""Kurse vom""; last figure of the day; Vortag 1140"
ciba-geigy,1981-05,1981-05-29,N,CHF,525,1981-05-30,23,eye,"Zurich running-text list ""Kurse vom""; last figure of the day; Vortag 522"
ciba-geigy,1981-05,1981-05-29,PS,CHF,865,1981-05-30,23,eye,"Zurich running-text list ""Kurse vom""; last figure of the day; Vortag 845; block trades ""dt"" ignored"
nestle,1981-05,1981-05-29,I,CHF,3070,1981-05-30,23,eye,"Zurich running-text list ""Kurse vom""; last figure of the day; Vortag 3060"
nestle,1981-05,1981-05-29,N,CHF,1860,1981-05-30,23,eye,"Zurich running-text list ""Kurse vom""; last figure of the day; Vortag 1870"
sandoz,1981-05,1981-05-29,I,CHF,4100,1981-05-30,23,eye,"Zurich running-text list ""Kurse vom""; last figure of the day; Vortag 4100"
sandoz,1981-05,1981-05-29,N,CHF,1590,1981-05-30,23,eye,"Zurich running-text list ""Kurse vom""; last figure of the day; Vortag 1575"
sandoz,1981-05,1981-05-29,PS,CHF,521,1981-05-30,23,eye,"Zurich running-text list ""Kurse vom""; last figure of the day; Vortag 525"
slb,1981-05,1981-05-29,common,USD,99.75,1981-05-30,25,eye,"New York list; header ""vom 29. Mai"" in all tables; column Schluss 99 3/4; JdG control 99.75 agrees"
ibm,1981-05,1981-05-29,common,USD,58.25,1981-05-30,25,eye,"New York list; header ""vom 29. Mai"" in all tables; column Schluss 58 1/4"
bmw,1981-05,1981-05-29,ordinary,DEM,177,1981-05-30,26,eye,"Frankfurt list; header ""vom 29. Mai"" in all tables; Vortag 177"
mercedes,1981-05,1981-05-29,common,DEM,305.50,1981-05-30,26,eye,"Frankfurt list; header ""vom 29. Mai"" in all tables; Daimler-Benz; Vortag 303.50"
siemens,1981-05,1981-05-29,common,DEM,241.50,1981-05-30,26,eye,"Frankfurt list; header ""vom 29. Mai"" in all tables; Vortag 242"
swissair,1981-06,1981-06-30,I,CHF,728,1981-07-01,25,eye,"Zurich running-text list ""Kurse vom""; last figure of the day; Vortag 725"
swissair,1981-06,1981-06-30,N,CHF,630,1981-07-01,25,eye,"Zurich running-text list ""Kurse vom""; last figure of the day; Vortag 625; only figure"
ubs,1981-06,1981-06-30,I,CHF,3050,1981-07-01,25,eye,"Zurich running-text list ""Kurse vom""; last figure of the day; Vortag 3060; last figure after R"
ubs,1981-06,1981-06-30,N,CHF,510,1981-07-01,25,eye,"Zurich running-text list ""Kurse vom""; last figure of the day; Vortag 510"
ubs,1981-06,1981-06-30,PS,CHF,104,1981-07-01,25,eye,"Zurich running-text list ""Kurse vom""; last figure of the day; Vortag 103.50"
sbv,1981-06,1981-06-30,I,CHF,336,1981-07-01,25,eye,"Zurich running-text list ""Kurse vom""; last figure of the day; Vortag 337"
sbv,1981-06,1981-06-30,N,CHF,206,1981-07-01,25,eye,"Zurich running-text list ""Kurse vom""; last figure of the day; Vortag 206"
sbv,1981-06,1981-06-30,PS,CHF,244,1981-07-01,25,eye,"Zurich running-text list ""Kurse vom""; last figure of the day; Vortag 245"
credit-suisse,1981-06,1981-06-30,I,CHF,2185,1981-07-01,25,eye,"Zurich running-text list ""Kurse vom""; last figure of the day; Vortag 2200"
credit-suisse,1981-06,1981-06-30,N,CHF,395,1981-07-01,25,eye,"Zurich running-text list ""Kurse vom""; last figure of the day; Vortag 395; sequence ""390 R 395L"""
ciba-geigy,1981-06,1981-06-30,I,CHF,1270,1981-07-01,25,eye,"Zurich running-text list ""Kurse vom""; last figure of the day; Vortag 1300; block trades ""dt"" in sequence ignored"
ciba-geigy,1981-06,1981-06-30,N,CHF,555,1981-07-01,25,eye,"Zurich running-text list ""Kurse vom""; last figure of the day; Vortag 551; block trade ""575 dt 10"" ignored"
ciba-geigy,1981-06,1981-06-30,PS,CHF,965,1981-07-01,25,eye,"Zurich running-text list ""Kurse vom""; last figure of the day; Vortag 955; last figure 965L; block trades ignored"
nestle,1981-06,1981-06-30,I,CHF,3190,1981-07-01,25,eye,"Zurich running-text list ""Kurse vom""; last figure of the day; Vortag 3150"
nestle,1981-06,1981-06-30,N,CHF,1800,1981-07-01,25,eye,"Zurich running-text list ""Kurse vom""; last figure of the day; Vortag 1810; last figure 1800L"
sandoz,1981-06,1981-06-30,I,CHF,4375,1981-07-01,25,eye,"Zurich running-text list ""Kurse vom""; last figure of the day; Vortag 4350; only figure"
sandoz,1981-06,1981-06-30,N,CHF,1560,1981-07-01,25,eye,"Zurich running-text list ""Kurse vom""; last figure of the day; Vortag 1560"
sandoz,1981-06,1981-06-30,PS,CHF,550,1981-07-01,25,eye,"Zurich running-text list ""Kurse vom""; last figure of the day; Vortag 538"
slb,1981-06,1981-06-30,common,USD,94.625,1981-07-01,27,eye,"New York list; header ""vom 30. Juni"" in all tables; column Schluss 94 5/8; Vortag 95 1/2; JdG control 94.625 agrees"
ibm,1981-06,1981-06-30,common,USD,57.25,1981-07-01,27,eye,"New York list; header ""vom 30. Juni"" in all tables; column Schluss 57 1/4"
bmw,1981-06,1981-06-30,ordinary,DEM,191.50,1981-07-01,28,eye,"Frankfurt list; header ""vom 30. Juni"" in all tables; Vortag 190; JdG print 192.2 (differs by 0.7)"
mercedes,1981-06,1981-06-30,common,DEM,353.50,1981-07-01,28,eye,"Frankfurt list; header ""vom 30. Juni"" in all tables; Daimler-Benz; Vortag 346; JdG print 353.5 agrees"
siemens,1981-06,1981-06-30,common,DEM,250,1981-07-01,28,eye,"Frankfurt list; header ""vom 30. Juni"" in all tables; Vortag 248.50; JdG print 250 agrees"
swissair,1981-07,1981-07-31,I,CHF,724,1981-08-03,17,eye,"Zurich running-text list ""Kurse vom""; last figure of the day; Vortag 725"
swissair,1981-07,1981-07-31,N,CHF,635,1981-08-03,17,eye,"Zurich running-text list ""Kurse vom""; last figure of the day; Vortag 630; last figure after ""R 633 635ttt"""
ubs,1981-07,1981-07-31,I,CHF,3025,1981-08-03,17,eye,"Zurich running-text list ""Kurse vom""; last figure of the day; Vortag 3015; last figure before ""neue"" line"
ubs,1981-07,1981-07-31,N,CHF,508,1981-08-03,17,eye,"Zurich running-text list ""Kurse vom""; last figure of the day; Vortag 505"
ubs,1981-07,1981-07-31,PS,CHF,103.50,1981-08-03,17,eye,"Zurich running-text list ""Kurse vom""; last figure of the day; Vortag 103"
sbv,1981-07,1981-07-31,I,CHF,339,1981-08-03,17,eye,"Zurich running-text list ""Kurse vom""; last figure of the day; Vortag 340"
sbv,1981-07,1981-07-31,N,CHF,206,1981-08-03,17,eye,"Zurich running-text list ""Kurse vom""; last figure of the day; Vortag 207"
sbv,1981-07,1981-07-31,PS,CHF,244,1981-08-03,17,eye,"Zurich running-text list ""Kurse vom""; last figure of the day; Vortag 248"
credit-suisse,1981-07,1981-07-31,I,CHF,2195,1981-08-03,17,eye,"Zurich running-text list ""Kurse vom""; last figure of the day; Vortag 2195"
credit-suisse,1981-07,1981-07-31,N,CHF,385,1981-08-03,17,eye,"Zurich running-text list ""Kurse vom""; last figure of the day; Vortag 385"
ciba-geigy,1981-07,1981-07-31,I,CHF,1275,1981-08-03,17,eye,"Zurich running-text list ""Kurse vom""; last figure of the day; Vortag 1265; last figure 1275ttt"
ciba-geigy,1981-07,1981-07-31,N,CHF,574,1981-08-03,17,eye,"Zurich running-text list ""Kurse vom""; last figure of the day; Vortag 572"
ciba-geigy,1981-07,1981-07-31,PS,CHF,985,1981-08-03,17,eye,"Zurich running-text list ""Kurse vom""; last figure of the day; Vortag 975; block trades ""dt"" ignored"
nestle,1981-07,1981-07-31,N,CHF,1910,1981-08-03,17,eye,"Zurich running-text list ""Kurse vom""; last figure of the day; Vortag 1915"
sandoz,1981-07,1981-07-31,I,CHF,4500,1981-08-03,17,eye,"Zurich running-text list ""Kurse vom""; last figure of the day; Vortag 4525"
sandoz,1981-07,1981-07-31,N,CHF,1660,1981-08-03,17,eye,"Zurich running-text list ""Kurse vom""; last figure of the day; Vortag 1655"
sandoz,1981-07,1981-07-31,PS,CHF,585,1981-08-03,17,eye,"Zurich running-text list ""Kurse vom""; last figure of the day; Vortag 580"
slb,1981-07,1981-07-31,common,USD,67.5,1981-08-03,19,eye,"New York list; Monday issue; header ""vom 31. Juli"" in all tables; column Schluss 67 1/2; after 3-for-2 split of July 1981; JdG control 67.5 agrees"
ibm,1981-07,1981-07-31,common,USD,56.125,1981-08-03,19,eye,"New York list; Monday issue; header ""vom 31. Juli"" in all tables; column Schluss 56 1/8"
bmw,1981-07,1981-07-31,ordinary,DEM,190.50,1981-08-03,20,eye,"Frankfurt list; Monday issue; header ""vom 31. Juli"" in all tables; Vortag 187"
mercedes,1981-07,1981-07-31,common,DEM,353.50,1981-08-03,20,eye,"Frankfurt list; Monday issue; header ""vom 31. Juli"" in all tables; Daimler-Benz; Vortag 353.50"
siemens,1981-07,1981-07-31,common,DEM,243.50,1981-08-03,20,eye,"Frankfurt list; Monday issue; header ""vom 31. Juli"" in all tables; Vortag 246.50"
swissair,1981-08,1981-08-31,I,CHF,700,1981-09-01,19,eye,"Zurich running-text list ""Kurse vom""; last figure of the day; Vortag 698; last figure 700ttt"
swissair,1981-08,1981-08-31,N,CHF,638,1981-09-01,19,eye,"Zurich running-text list ""Kurse vom""; last figure of the day; Vortag 633"
ubs,1981-08,1981-08-31,I,CHF,2945,1981-09-01,19,eye,"Zurich running-text list ""Kurse vom""; last figure of the day; Vortag 2960; last figure after R"
ubs,1981-08,1981-08-31,N,CHF,500,1981-09-01,19,eye,"Zurich running-text list ""Kurse vom""; last figure of the day; Vortag 500"
ubs,1981-08,1981-08-31,PS,CHF,101,1981-09-01,19,eye,"Zurich running-text list ""Kurse vom""; last figure of the day; Vortag 101; sequence ""100.50 101 R [101]"""
sbv,1981-08,1981-08-31,I,CHF,330,1981-09-01,19,eye,"Zurich running-text list ""Kurse vom""; last figure of the day; Vortag 333"
sbv,1981-08,1981-08-31,N,CHF,201,1981-09-01,19,eye,"Zurich running-text list ""Kurse vom""; last figure of the day; Vortag 201"
sbv,1981-08,1981-08-31,PS,CHF,231,1981-09-01,19,eye,"Zurich running-text list ""Kurse vom""; last figure of the day; Vortag 236"
credit-suisse,1981-08,1981-08-31,I,CHF,2120,1981-09-01,19,eye,"Zurich running-text list ""Kurse vom""; last figure of the day; Vortag 2100"
credit-suisse,1981-08,1981-08-31,N,CHF,378,1981-09-01,19,eye,"Zurich running-text list ""Kurse vom""; last figure of the day; Vortag 375"
ciba-geigy,1981-08,1981-08-31,N,CHF,555,1981-09-01,19,eye,"Zurich running-text list ""Kurse vom""; last figure of the day; Vortag 552; last figure 555ttt (the Ciba Inh. line is cut off at the top of the column in this layout: Ciba I not read)"
ciba-geigy,1981-08,1981-08-31,PS,CHF,920,1981-09-01,19,eye,"Zurich running-text list ""Kurse vom""; last figure of the day; Vortag 930; last figure 920ttt"
nestle,1981-08,1981-08-31,I,CHF,3130,1981-09-01,19,eye,"Zurich running-text list ""Kurse vom""; last figure of the day; Vortag 3150"
nestle,1981-08,1981-08-31,N,CHF,1850,1981-09-01,19,eye,"Zurich running-text list ""Kurse vom""; last figure of the day; Vortag 1855"
sandoz,1981-08,1981-08-31,I,CHF,4260,1981-09-01,19,eye,"Zurich running-text list ""Kurse vom""; last figure of the day; Vortag 4275"
sandoz,1981-08,1981-08-31,N,CHF,1550,1981-09-01,19,eye,"Zurich running-text list ""Kurse vom""; last figure of the day; Vortag 1565"
sandoz,1981-08,1981-08-31,PS,CHF,564,1981-09-01,19,eye,"Zurich running-text list ""Kurse vom""; last figure of the day; Vortag 564; last figure 564L"
slb,1981-08,1981-08-31,common,USD,61,1981-09-01,21,eye,"New York list; Swiss, NY, Frankfurt headers ""vom 31. August"" (Monday); column Schluss 61; JdG control 61 agrees"
ibm,1981-08,1981-08-31,common,USD,55,1981-09-01,21,eye,"New York list; Swiss, NY, Frankfurt headers ""vom 31. August"" (Monday); column Schluss 55"
bmw,1981-08,1981-08-31,ordinary,DEM,191,1981-09-01,22,eye,"Frankfurt list; Swiss, NY, Frankfurt headers ""vom 31. August"" (Monday); Vortag 188"
mercedes,1981-08,1981-08-31,common,DEM,348,1981-09-01,22,eye,"Frankfurt list; Swiss, NY, Frankfurt headers ""vom 31. August"" (Monday); Daimler-Benz; Vortag 343.50"
siemens,1981-08,1981-08-31,common,DEM,229.20,1981-09-01,22,eye,"Frankfurt list; Swiss, NY, Frankfurt headers ""vom 31. August"" (Monday); Vortag 229"
swissair,1981-09,1981-09-30,I,CHF,630,1981-10-01,25,eye,"Zurich running-text list ""Kurse vom""; last figure of the day; Vortag 630; last figure of long sequence (630ttt)"
swissair,1981-09,1981-09-30,N,CHF,600,1981-10-01,25,eye,"Zurich running-text list ""Kurse vom""; last figure of the day; Vortag 605; last figure 600t"
ubs,1981-09,1981-09-30,I,CHF,2810,1981-10-01,25,eye,"Zurich running-text list ""Kurse vom""; last figure of the day; Vortag 2820; last figure of old line before ""neue"" (2810); neue line ignored"
ubs,1981-09,1981-09-30,N,CHF,476,1981-10-01,25,eye,"Zurich running-text list ""Kurse vom""; last figure of the day; Vortag 478"
ubs,1981-09,1981-09-30,PS,CHF,95,1981-10-01,25,eye,"Zurich running-text list ""Kurse vom""; last figure of the day; Vortag 95.50; last figure before ""neue 92"""
sbv,1981-09,1981-09-30,I,CHF,306,1981-10-01,25,eye,"Zurich running-text list ""Kurse vom""; last figure of the day; Vortag 307"
sbv,1981-09,1981-09-30,N,CHF,189,1981-10-01,25,eye,"Zurich running-text list ""Kurse vom""; last figure of the day; Vortag 189; last figure 189L"
sbv,1981-09,1981-09-30,PS,CHF,226,1981-10-01,25,eye,"Zurich running-text list ""Kurse vom""; last figure of the day; Vortag 228"
credit-suisse,1981-09,1981-09-30,I,CHF,2000,1981-10-01,25,eye,"Zurich running-text list ""Kurse vom""; last figure of the day; Vortag 2020"
credit-suisse,1981-09,1981-09-30,N,CHF,358,1981-10-01,25,eye,"Zurich running-text list ""Kurse vom""; last figure of the day; Vortag 360"
ciba-geigy,1981-09,1981-09-30,I,CHF,1045,1981-10-01,25,eye,"Zurich running-text list ""Kurse vom""; last figure of the day; Vortag 1055"
ciba-geigy,1981-09,1981-09-30,N,CHF,508,1981-10-01,25,eye,"Zurich running-text list ""Kurse vom""; last figure of the day; Vortag 512; last figure 508L"
ciba-geigy,1981-09,1981-09-30,PS,CHF,820,1981-10-01,25,eye,"Zurich running-text list ""Kurse vom""; last figure of the day; Vortag 830; block trade 860 dt ignored"
nestle,1981-09,1981-09-30,I,CHF,2875,1981-10-01,25,eye,"Zurich running-text list ""Kurse vom""; last figure of the day; Vortag 2900"
nestle,1981-09,1981-09-30,N,CHF,1735,1981-10-01,25,eye,"Zurich running-text list ""Kurse vom""; last figure of the day; Vortag 1740"
sandoz,1981-09,1981-09-30,I,CHF,3825,1981-10-01,25,eye,"Zurich running-text list ""Kurse vom""; last figure of the day; Vortag 3850"
sandoz,1981-09,1981-09-30,PS,CHF,490,1981-10-01,25,eye,"Zurich running-text list ""Kurse vom""; last figure of the day; Vortag 495"
slb,1981-09,1981-09-30,common,USD,52.25,1981-10-01,27,eye,"New York list; headers ""vom 30. September"" in all tables; column Schluss 52 1/4; JdG control 52.25 agrees"
ibm,1981-09,1981-09-30,common,USD,54.25,1981-10-01,27,eye,"New York list; headers ""vom 30. September"" in all tables; column Schluss 54 1/4"
bmw,1981-09,1981-09-30,ordinary,DEM,179,1981-10-01,28,eye,"Frankfurt list; headers ""vom 30. September"" in all tables; Vortag 185"
mercedes,1981-09,1981-09-30,common,DEM,324.50,1981-10-01,28,eye,"Frankfurt list; headers ""vom 30. September"" in all tables; Daimler-Benz; Vortag 327.50"
siemens,1981-09,1981-09-30,common,DEM,224,1981-10-01,28,eye,"Frankfurt list; headers ""vom 30. September"" in all tables; Vortag 226.50"
swissair,1981-10,1981-10-30,I,CHF,675,1981-10-31,25,eye,"Zurich running-text list ""Kurse vom""; last figure of the day; Vortag 670"
swissair,1981-10,1981-10-30,N,CHF,620,1981-10-31,25,eye,"Zurich running-text list ""Kurse vom""; last figure of the day; Vortag 618"
ubs,1981-10,1981-10-30,I,CHF,2990,1981-10-31,25,eye,"Zurich running-text list ""Kurse vom""; last figure of the day; Vortag 2970; last figure of old line before ""neue"""
ubs,1981-10,1981-10-30,N,CHF,483,1981-10-31,25,eye,"Zurich running-text list ""Kurse vom""; last figure of the day; Vortag 487"
ubs,1981-10,1981-10-30,PS,CHF,94.50,1981-10-31,25,eye,"Zurich running-text list ""Kurse vom""; last figure of the day; Vortag 94"
sbv,1981-10,1981-10-30,I,CHF,302,1981-10-31,25,eye,"Zurich running-text list ""Kurse vom""; last figure of the day; Vortag 299"
sbv,1981-10,1981-10-30,N,CHF,190,1981-10-31,25,eye,"Zurich running-text list ""Kurse vom""; last figure of the day; Vortag 189"
sbv,1981-10,1981-10-30,PS,CHF,224,1981-10-31,25,eye,"Zurich running-text list ""Kurse vom""; last figure of the day; Vortag 223"
credit-suisse,1981-10,1981-10-30,I,CHF,1940,1981-10-31,25,eye,"Zurich running-text list ""Kurse vom""; last figure of the day; Vortag 1935"
credit-suisse,1981-10,1981-10-30,N,CHF,353,1981-10-31,25,eye,"Zurich running-text list ""Kurse vom""; last figure of the day; Vortag 355"
ciba-geigy,1981-10,1981-10-30,I,CHF,1100,1981-10-31,25,eye,"Zurich running-text list ""Kurse vom""; last figure of the day; Vortag 1090; last regular figure, block trade ""1150 dt 30"" ignored"
ciba-geigy,1981-10,1981-10-30,PS,CHF,860,1981-10-31,25,eye,"Zurich running-text list ""Kurse vom""; last figure of the day; Vortag 855; last figure 860tt"
nestle,1981-10,1981-10-30,I,CHF,3005,1981-10-31,25,eye,"Zurich running-text list ""Kurse vom""; last figure of the day; Vortag 3000"
nestle,1981-10,1981-10-30,N,CHF,1760,1981-10-31,25,eye,"Zurich running-text list ""Kurse vom""; last figure of the day; Vortag 1750"
sandoz,1981-10,1981-10-30,I,CHF,3800,1981-10-31,25,eye,"Zurich running-text list ""Kurse vom""; last figure of the day; Vortag 3825"
sandoz,1981-10,1981-10-30,N,CHF,1370,1981-10-31,25,eye,"Zurich running-text list ""Kurse vom""; last figure of the day; Vortag 1380"
sandoz,1981-10,1981-10-30,PS,CHF,490,1981-10-31,25,eye,"Zurich running-text list ""Kurse vom""; last figure of the day; Vortag 485"
slb,1981-10,1981-10-30,common,USD,57,1981-10-31,27,eye,"New York list; headers ""vom 30. Oktober"" in all tables (Saturday issue); Swiss table has Industrie block lower on the same page (Ciba-Geigy); column Schluss 57; JdG control 57 agrees"
ibm,1981-10,1981-10-30,common,USD,51.25,1981-10-31,27,eye,"New York list; headers ""vom 30. Oktober"" in all tables (Saturday issue); Swiss table has Industrie block lower on the same page (Ciba-Geigy); column Schluss 51 1/4"
bmw,1981-10,1981-10-30,ordinary,DEM,181,1981-10-31,28,eye,"Frankfurt list; headers ""vom 30. Oktober"" in all tables (Saturday issue); Swiss table has Industrie block lower on the same page (Ciba-Geigy); Vortag 182"
mercedes,1981-10,1981-10-30,common,DEM,342,1981-10-31,28,eye,"Frankfurt list; headers ""vom 30. Oktober"" in all tables (Saturday issue); Swiss table has Industrie block lower on the same page (Ciba-Geigy); Daimler-Benz; Vortag 343.40"
siemens,1981-10,1981-10-30,common,DEM,204.50,1981-10-31,28,eye,"Frankfurt list; headers ""vom 30. Oktober"" in all tables (Saturday issue); Swiss table has Industrie block lower on the same page (Ciba-Geigy); Vortag 207"
swissair,1981-11,1981-11-30,I,CHF,666,1981-12-01,25,eye,"Zurich running-text list ""Kurse vom""; last figure of the day; Vortag 668"
swissair,1981-11,1981-11-30,N,CHF,608,1981-12-01,25,eye,"Zurich running-text list ""Kurse vom""; last figure of the day; Vortag 610; only figure 608L"
ubs,1981-11,1981-11-30,I,CHF,3105,1981-12-01,25,eye,"Zurich running-text list ""Kurse vom""; last figure of the day; Vortag 3090; last figure of old line before ""neue"""
ubs,1981-11,1981-11-30,N,CHF,511,1981-12-01,25,eye,"Zurich running-text list ""Kurse vom""; last figure of the day; Vortag 515"
ubs,1981-11,1981-11-30,PS,CHF,104,1981-12-01,25,eye,"Zurich running-text list ""Kurse vom""; last figure of the day; Vortag 103.50"
sbv,1981-11,1981-11-30,I,CHF,316,1981-12-01,25,eye,"Zurich running-text list ""Kurse vom""; last figure of the day; Vortag 318"
sbv,1981-11,1981-11-30,N,CHF,208,1981-12-01,25,eye,"Zurich running-text list ""Kurse vom""; last figure of the day; Vortag 206"
sbv,1981-11,1981-11-30,PS,CHF,242,1981-12-01,25,eye,"Zurich running-text list ""Kurse vom""; last figure of the day; Vortag 238"
credit-suisse,1981-11,1981-11-30,I,CHF,2100,1981-12-01,25,eye,"Zurich running-text list ""Kurse vom""; last figure of the day; Vortag 2100"
credit-suisse,1981-11,1981-11-30,N,CHF,375,1981-12-01,25,eye,"Zurich running-text list ""Kurse vom""; last figure of the day; Vortag 377"
ciba-geigy,1981-11,1981-11-30,I,CHF,1215,1981-12-01,25,eye,"Zurich running-text list ""Kurse vom""; last figure of the day; Vortag 1210"
ciba-geigy,1981-11,1981-11-30,N,CHF,526,1981-12-01,25,eye,"Zurich running-text list ""Kurse vom""; last figure of the day; Vortag 530"
ciba-geigy,1981-11,1981-11-30,PS,CHF,910,1981-12-01,25,eye,"Zurich running-text list ""Kurse vom""; last figure of the day; Vortag 905"
nestle,1981-11,1981-11-30,I,CHF,3220,1981-12-01,25,eye,"Zurich running-text list ""Kurse vom""; last figure of the day; Vortag 3255"
nestle,1981-11,1981-11-30,N,CHF,1895,1981-12-01,25,eye,"Zurich running-text list ""Kurse vom""; last figure of the day; Vortag 1885"
sandoz,1981-11,1981-11-30,I,CHF,4100,1981-12-01,25,eye,"Zurich running-text list ""Kurse vom""; last figure of the day; Vortag 4050"
sandoz,1981-11,1981-11-30,N,CHF,1465,1981-12-01,25,eye,"Zurich running-text list ""Kurse vom""; last figure of the day; Vortag 1450"
sandoz,1981-11,1981-11-30,PS,CHF,516,1981-12-01,25,eye,"Zurich running-text list ""Kurse vom""; last figure of the day; Vortag 503"
slb,1981-11,1981-11-30,common,USD,57.25,1981-12-01,27,eye,"New York list; Monday issue; headers ""vom 30. November"" in all tables; Industrie block (Ciba-Geigy) lower on the same Swiss page; column Schluss 57 1/4; JdG control 57.25 agrees"
ibm,1981-11,1981-11-30,common,USD,54.5,1981-12-01,27,eye,"New York list; Monday issue; headers ""vom 30. November"" in all tables; Industrie block (Ciba-Geigy) lower on the same Swiss page; column Schluss 54 1/2"
bmw,1981-11,1981-11-30,ordinary,DEM,196.50,1981-12-01,28,eye,"Frankfurt list; Monday issue; headers ""vom 30. November"" in all tables; Industrie block (Ciba-Geigy) lower on the same Swiss page; Vortag 198"
mercedes,1981-11,1981-11-30,common,DEM,342.50,1981-12-01,28,eye,"Frankfurt list; Monday issue; headers ""vom 30. November"" in all tables; Industrie block (Ciba-Geigy) lower on the same Swiss page; Daimler-Benz; Vortag 341.50"
siemens,1981-11,1981-11-30,common,DEM,202.50,1981-12-01,28,eye,"Frankfurt list; Monday issue; headers ""vom 30. November"" in all tables; Industrie block (Ciba-Geigy) lower on the same Swiss page; Vortag 200"
swissair,1981-12,1981-12-30,I,CHF,692,1981-12-31,21,eye,"Zurich running-text list ""Kurse vom""; last figure of the day; Vortag 690"
swissair,1981-12,1981-12-30,N,CHF,640,1981-12-31,21,eye,"Zurich running-text list ""Kurse vom""; last figure of the day; Vortag 640"
ubs,1981-12,1981-12-30,I,CHF,3080,1981-12-31,21,eye,"Zurich running-text list ""Kurse vom""; last figure of the day; Vortag 3080; last figure of old line before ""neue"""
ubs,1981-12,1981-12-30,N,CHF,515,1981-12-31,21,eye,"Zurich running-text list ""Kurse vom""; last figure of the day; Vortag 510"
ubs,1981-12,1981-12-30,PS,CHF,101,1981-12-31,21,eye,"Zurich running-text list ""Kurse vom""; last figure of the day; Vortag 101; last figure 101L before ""neue"" line"
sbv,1981-12,1981-12-30,I,CHF,320,1981-12-31,21,eye,"Zurich running-text list ""Kurse vom""; last figure of the day; Vortag 316"
sbv,1981-12,1981-12-30,N,CHF,202,1981-12-31,21,eye,"Zurich running-text list ""Kurse vom""; last figure of the day; Vortag 200; last figure 202L"
sbv,1981-12,1981-12-30,PS,CHF,235,1981-12-31,21,eye,"Zurich running-text list ""Kurse vom""; last figure of the day; Vortag 234"
credit-suisse,1981-12,1981-12-30,I,CHF,2000,1981-12-31,21,eye,"Zurich running-text list ""Kurse vom""; last figure of the day; Vortag 1900"
credit-suisse,1981-12,1981-12-30,N,CHF,362,1981-12-31,21,eye,"Zurich running-text list ""Kurse vom""; last figure of the day; Vortag 365"
ciba-geigy,1981-12,1981-12-30,I,CHF,1280,1981-12-31,21,eye,"Zurich running-text list ""Kurse vom""; last figure of the day; Vortag 1270; last figure 1280L"
ciba-geigy,1981-12,1981-12-30,N,CHF,544,1981-12-31,21,eye,"Zurich running-text list ""Kurse vom""; last figure of the day; Vortag 537"
ciba-geigy,1981-12,1981-12-30,PS,CHF,970,1981-12-31,21,eye,"Zurich running-text list ""Kurse vom""; last figure of the day; Vortag 970; last figure 970L"
nestle,1981-12,1981-12-30,I,CHF,3170,1981-12-31,21,eye,"Zurich running-text list ""Kurse vom""; last figure of the day; Vortag 3150"
nestle,1981-12,1981-12-30,N,CHF,1915,1981-12-31,21,eye,"Zurich running-text list ""Kurse vom""; last figure of the day; Vortag 1910"
sandoz,1981-12,1981-12-30,I,CHF,4125,1981-12-31,21,eye,"Zurich running-text list ""Kurse vom""; last figure of the day; Vortag 4100"
sandoz,1981-12,1981-12-30,N,CHF,1525,1981-12-31,21,eye,"Zurich running-text list ""Kurse vom""; last figure of the day; Vortag 1500"
sandoz,1981-12,1981-12-30,PS,CHF,520,1981-12-31,21,eye,"Zurich running-text list ""Kurse vom""; last figure of the day; Vortag 515"
slb,1981-12,1981-12-30,common,USD,55.625,1981-12-31,23,eye,"New York list; issue of 31 Dec prints ""Kurse vom 30. Dezember"" in all tables (30 Dec taken as last trading day of 1981; JdG also has 30 Dec as latest printed); 1982-01-04 issue not needed; column Schluss 55 5/8; JdG 1982-01-04 issue has 55.625 for 30 Dec (JdG 1982-01-05 has 55.75)"
ibm,1981-12,1981-12-30,common,USD,57.25,1981-12-31,23,eye,"New York list; issue of 31 Dec prints ""Kurse vom 30. Dezember"" in all tables (30 Dec taken as last trading day of 1981; JdG also has 30 Dec as latest printed); 1982-01-04 issue not needed; column Schluss 57 1/4"
bmw,1981-12,1981-12-30,ordinary,DEM,190,1981-12-31,24,eye,"Frankfurt list; issue of 31 Dec prints ""Kurse vom 30. Dezember"" in all tables (30 Dec taken as last trading day of 1981; JdG also has 30 Dec as latest printed); 1982-01-04 issue not needed; Vortag 192.10"
mercedes,1981-12,1981-12-30,common,DEM,285,1981-12-31,24,eye,"Frankfurt list; issue of 31 Dec prints ""Kurse vom 30. Dezember"" in all tables (30 Dec taken as last trading day of 1981; JdG also has 30 Dec as latest printed); 1982-01-04 issue not needed; Daimler-Benz; Vortag 288"
siemens,1981-12,1981-12-30,common,DEM,204.50,1981-12-31,24,eye,"Frankfurt list; issue of 31 Dec prints ""Kurse vom 30. Dezember"" in all tables (30 Dec taken as last trading day of 1981; JdG also has 30 Dec as latest printed); 1982-01-04 issue not needed; Vortag 204.50"
swissair,1982-01,1982-01-29,I,CHF,670,1982-01-30,23,eye,"Zurich running-text list ""Kurse vom""; last figure of the day; Vortag 665"
swissair,1982-01,1982-01-29,N,CHF,640,1982-01-30,23,eye,"Zurich running-text list ""Kurse vom""; last figure of the day; Vortag 630"
ubs,1982-01,1982-01-29,I,CHF,3060,1982-01-30,23,eye,"Zurich running-text list ""Kurse vom""; last figure of the day; Vortag 3040; last figure of old line before ""neue"""
ubs,1982-01,1982-01-29,N,CHF,515,1982-01-30,23,eye,"Zurich running-text list ""Kurse vom""; last figure of the day; Vortag 518"
ubs,1982-01,1982-01-29,PS,CHF,100.50,1982-01-30,23,eye,"Zurich running-text list ""Kurse vom""; last figure of the day; Vortag 100; last figure before ""neue (98) 98"" line"
sbv,1982-01,1982-01-29,I,CHF,306,1982-01-30,23,eye,"Zurich running-text list ""Kurse vom""; last figure of the day; Vortag 306"
sbv,1982-01,1982-01-29,N,CHF,200,1982-01-30,23,eye,"Zurich running-text list ""Kurse vom""; last figure of the day; Vortag 200"
sbv,1982-01,1982-01-29,PS,CHF,221,1982-01-30,23,eye,"Zurich running-text list ""Kurse vom""; last figure of the day; Vortag 221"
credit-suisse,1982-01,1982-01-29,I,CHF,1960,1982-01-30,23,eye,"Zurich running-text list ""Kurse vom""; last figure of the day; Vortag 1950; last figure 1960L"
credit-suisse,1982-01,1982-01-29,N,CHF,350,1982-01-30,23,eye,"Zurich running-text list ""Kurse vom""; last figure of the day; Vortag 348"
ciba-geigy,1982-01,1982-01-29,I,CHF,1235,1982-01-30,23,eye,"Zurich running-text list ""Kurse vom""; last figure of the day; Vortag 1220"
ciba-geigy,1982-01,1982-01-29,N,CHF,545,1982-01-30,23,eye,"Zurich running-text list ""Kurse vom""; last figure of the day; Vortag 542"
ciba-geigy,1982-01,1982-01-29,PS,CHF,935,1982-01-30,23,eye,"Zurich running-text list ""Kurse vom""; last figure of the day; Vortag 935"
nestle,1982-01,1982-01-29,I,CHF,3150,1982-01-30,23,eye,"Zurich running-text list ""Kurse vom""; last figure of the day; Vortag 3130"
nestle,1982-01,1982-01-29,N,CHF,1840,1982-01-30,23,eye,"Zurich running-text list ""Kurse vom""; last figure of the day; Vortag 1820"
sandoz,1982-01,1982-01-29,I,CHF,4325,1982-01-30,23,eye,"Zurich running-text list ""Kurse vom""; last figure of the day; Vortag 4300"
sandoz,1982-01,1982-01-29,N,CHF,1440,1982-01-30,23,eye,"Zurich running-text list ""Kurse vom""; last figure of the day; Vortag 1433; last figure 1440L"
sandoz,1982-01,1982-01-29,PS,CHF,510,1982-01-30,23,eye,"Zurich running-text list ""Kurse vom""; last figure of the day; Vortag 505"
slb,1982-01,1982-01-29,common,USD,54,1982-01-30,25,eye,"New York list; headers ""vom 29. Januar"" in all tables; column Schluss 54"
ibm,1982-01,1982-01-29,common,USD,63.625,1982-01-30,25,eye,"New York list; headers ""vom 29. Januar"" in all tables; column Schluss 63 5/8; Vortag 64 1/2"
bmw,1982-01,1982-01-29,ordinary,DEM,196,1982-01-30,26,eye,"Frankfurt list; headers ""vom 29. Januar"" in all tables; Vortag 192"
mercedes,1982-01,1982-01-29,common,DEM,292,1982-01-30,26,eye,"Frankfurt list; headers ""vom 29. Januar"" in all tables; Daimler-Benz; Vortag 289.50"
siemens,1982-01,1982-01-29,common,DEM,212,1982-01-30,26,eye,"Frankfurt list; headers ""vom 29. Januar"" in all tables; Vortag 211.80"
swissair,1982-02,1982-02-26,I,CHF,660,1982-02-27,25,eye,"Zurich running-text list ""Kurse vom""; last figure of the day; Vortag 655"
swissair,1982-02,1982-02-26,N,CHF,633,1982-02-27,25,eye,"Zurich running-text list ""Kurse vom""; last figure of the day; Vortag 623"
ubs,1982-02,1982-02-26,I,CHF,2970,1982-02-27,25,eye,"Zurich running-text list ""Kurse vom""; last figure of the day; Vortag 2910; last figure 2970L of old line before ""neue"" line"
ubs,1982-02,1982-02-26,N,CHF,530,1982-02-27,25,eye,"Zurich running-text list ""Kurse vom""; last figure of the day; Vortag 520"
ubs,1982-02,1982-02-26,PS,CHF,102,1982-02-27,25,eye,"Zurich running-text list ""Kurse vom""; last figure of the day; Vortag 99; last figure of old line before ""neue (97)"""
sbv,1982-02,1982-02-26,I,CHF,304,1982-02-27,25,eye,"Zurich running-text list ""Kurse vom""; last figure of the day; Vortag 305"
sbv,1982-02,1982-02-26,N,CHF,202,1982-02-27,25,eye,"Zurich running-text list ""Kurse vom""; last figure of the day; Vortag 201"
sbv,1982-02,1982-02-26,PS,CHF,225,1982-02-27,25,eye,"Zurich running-text list ""Kurse vom""; last figure of the day; Vortag 225"
credit-suisse,1982-02,1982-02-26,I,CHF,1930,1982-02-27,25,eye,"Zurich running-text list ""Kurse vom""; last figure of the day; Vortag 1935; last figure of old line before ""neue (1850)"" line"
credit-suisse,1982-02,1982-02-26,N,CHF,360,1982-02-27,25,eye,"Zurich running-text list ""Kurse vom""; last figure of the day; Vortag 365"
ciba-geigy,1982-02,1982-02-26,I,CHF,1275,1982-02-27,25,eye,"Zurich running-text list ""Kurse vom""; last figure of the day; Vortag 1280"
ciba-geigy,1982-02,1982-02-26,N,CHF,565,1982-02-27,25,eye,"Zurich running-text list ""Kurse vom""; last figure of the day; Vortag 568; block trade ""600 dt 20"" ignored"
ciba-geigy,1982-02,1982-02-26,PS,CHF,975,1982-02-27,25,eye,"Zurich running-text list ""Kurse vom""; last figure of the day; Vortag 980"
nestle,1982-02,1982-02-26,I,CHF,3135,1982-02-27,25,eye,"Zurich running-text list ""Kurse vom""; last figure of the day; Vortag 3125"
nestle,1982-02,1982-02-26,N,CHF,1900,1982-02-27,25,eye,"Zurich running-text list ""Kurse vom""; last figure of the day; Vortag 1880; last figure 1900L"
sandoz,1982-02,1982-02-26,I,CHF,4250,1982-02-27,25,eye,"Zurich running-text list ""Kurse vom""; last figure of the day; Vortag 4300"
sandoz,1982-02,1982-02-26,N,CHF,1480,1982-02-27,25,eye,"Zurich running-text list ""Kurse vom""; last figure of the day; Vortag 1460; last figure 1480tttL"
sandoz,1982-02,1982-02-26,PS,CHF,520,1982-02-27,25,eye,"Zurich running-text list ""Kurse vom""; last figure of the day; Vortag 516; last figure 520tttL"
slb,1982-02,1982-02-26,common,USD,47.875,1982-02-27,27,eye,"New York list; headers ""vom 26. Februar"" in all tables; column Schluss 47 7/8"
ibm,1982-02,1982-02-26,common,USD,61.875,1982-02-27,27,eye,"New York list; headers ""vom 26. Februar"" in all tables; column Schluss 61 7/8"
bmw,1982-02,1982-02-26,ordinary,DEM,213,1982-02-27,28,eye,"Frankfurt list; headers ""vom 26. Februar"" in all tables; Vortag 214"
mercedes,1982-02,1982-02-26,common,DEM,296.80,1982-02-27,28,eye,"Frankfurt list; headers ""vom 26. Februar"" in all tables; Daimler-Benz; Vortag 294.50"
siemens,1982-02,1982-02-26,common,DEM,216,1982-02-27,28,eye,"Frankfurt list; headers ""vom 26. Februar"" in all tables; Vortag 217"
swissair,1982-03,1982-03-31,I,CHF,746,1982-04-01,25,eye,"Zurich running-text list ""Kurse vom""; last figure of the day; Vortag 745; last figure of long sequence"
swissair,1982-03,1982-03-31,N,CHF,699,1982-04-01,25,eye,"Zurich running-text list ""Kurse vom""; last figure of the day; Vortag 690"
ubs,1982-03,1982-03-31,I,CHF,3025,1982-04-01,25,eye,"Zurich running-text list ""Kurse vom""; last figure of the day; Vortag 3025; last figure of old line before ""neue (2930)"" line"
ubs,1982-03,1982-03-31,N,CHF,540,1982-04-01,25,eye,"Zurich running-text list ""Kurse vom""; last figure of the day; Vortag 532; old line before ""neue (508)"""
ubs,1982-03,1982-03-31,PS,CHF,101.50,1982-04-01,25,eye,"Zurich running-text list ""Kurse vom""; last figure of the day; Vortag 101"
sbv,1982-03,1982-03-31,I,CHF,307,1982-04-01,25,eye,"Zurich running-text list ""Kurse vom""; last figure of the day; Vortag 305"
sbv,1982-03,1982-03-31,N,CHF,212,1982-04-01,25,eye,"Zurich running-text list ""Kurse vom""; last figure of the day; Vortag 207; last figure 212L"
sbv,1982-03,1982-03-31,PS,CHF,238,1982-04-01,25,eye,"Zurich running-text list ""Kurse vom""; last figure of the day; Vortag 236"
credit-suisse,1982-03,1982-03-31,I,CHF,1750,1982-04-01,25,eye,"Zurich running-text list ""Kurse vom""; last figure of the day; Vortag 1750"
credit-suisse,1982-03,1982-03-31,N,CHF,333,1982-04-01,25,eye,"Zurich running-text list ""Kurse vom""; last figure of the day; Vortag 330"
ciba-geigy,1982-03,1982-03-31,I,CHF,1270,1982-04-01,25,eye,"Zurich running-text list ""Kurse vom""; last figure of the day; Vortag 1265"
ciba-geigy,1982-03,1982-03-31,N,CHF,575,1982-04-01,25,eye,"Zurich running-text list ""Kurse vom""; last figure of the day; Vortag 575"
ciba-geigy,1982-03,1982-03-31,PS,CHF,940,1982-04-01,25,eye,"Zurich running-text list ""Kurse vom""; last figure of the day; Vortag 950"
nestle,1982-03,1982-03-31,I,CHF,3250,1982-04-01,25,eye,"Zurich running-text list ""Kurse vom""; last figure of the day; Vortag 3260"
nestle,1982-03,1982-03-31,N,CHF,2020,1982-04-01,25,eye,"Zurich running-text list ""Kurse vom""; last figure of the day; Vortag 2000; last figure 2020L"
sandoz,1982-03,1982-03-31,I,CHF,4225,1982-04-01,25,eye,"Zurich running-text list ""Kurse vom""; last figure of the day; Vortag 4200; last figure 4225L"
sandoz,1982-03,1982-03-31,N,CHF,1565,1982-04-01,25,eye,"Zurich running-text list ""Kurse vom""; last figure of the day; Vortag 1520"
sandoz,1982-03,1982-03-31,PS,CHF,523,1982-04-01,25,eye,"Zurich running-text list ""Kurse vom""; last figure of the day; Vortag 522"
slb,1982-03,1982-03-31,common,USD,42.625,1982-04-01,27,eye,"New York list; headers ""vom 31. Maerz"" in all tables; column Schluss 42 5/8"
ibm,1982-03,1982-03-31,common,USD,59.625,1982-04-01,27,eye,"New York list; headers ""vom 31. Maerz"" in all tables; column Schluss 59 5/8"
bmw,1982-03,1982-03-31,ordinary,DEM,211,1982-04-01,28,eye,"Frankfurt list; headers ""vom 31. Maerz"" in all tables; Vortag 210"
mercedes,1982-03,1982-03-31,common,DEM,285.10,1982-04-01,28,eye,"Frankfurt list; headers ""vom 31. Maerz"" in all tables; Daimler-Benz; Vortag 285.50"
siemens,1982-03,1982-03-31,common,DEM,222,1982-04-01,28,eye,"Frankfurt list; headers ""vom 31. Maerz"" in all tables; Vortag 222"
swissair,1982-04,1982-04-30,I,CHF,733,1982-05-03,23,eye,"Zurich running-text list ""Kurse vom""; last figure of the day; Vortag 726; last figure 733ttt"
swissair,1982-04,1982-04-30,N,CHF,693,1982-05-03,23,eye,"Zurich running-text list ""Kurse vom""; last figure of the day; Vortag 692; last figure 693L"
ubs,1982-04,1982-04-30,I,CHF,2930,1982-05-03,23,eye,"Zurich running-text list ""Kurse vom""; last figure of the day; Vortag 2930"
ubs,1982-04,1982-04-30,N,CHF,517,1982-05-03,23,eye,"Zurich running-text list ""Kurse vom""; last figure of the day; Vortag 515"
ubs,1982-04,1982-04-30,PS,CHF,94.50,1982-05-03,23,eye,"Zurich running-text list ""Kurse vom""; last figure of the day; Vortag 95"
sbv,1982-04,1982-04-30,I,CHF,297,1982-05-03,23,eye,"Zurich running-text list ""Kurse vom""; last figure of the day; Vortag 296"
sbv,1982-04,1982-04-30,N,CHF,206,1982-05-03,23,eye,"Zurich running-text list ""Kurse vom""; last figure of the day; Vortag 206"
sbv,1982-04,1982-04-30,PS,CHF,227,1982-05-03,23,eye,"Zurich running-text list ""Kurse vom""; last figure of the day; Vortag 231"
credit-suisse,1982-04,1982-04-30,I,CHF,1735,1982-05-03,23,eye,"Zurich running-text list ""Kurse vom""; last figure of the day; Vortag 1740; line printed ""SKA Inh. inkl. PS"" (the PS is quoted together with the bearer share from this date)"
credit-suisse,1982-04,1982-04-30,N,CHF,325,1982-05-03,23,eye,"Zurich running-text list ""Kurse vom""; last figure of the day; Vortag 320; line printed ""Na. inkl. PS"""
ciba-geigy,1982-04,1982-04-30,I,CHF,1300,1982-05-03,23,eye,"Zurich running-text list ""Kurse vom""; last figure of the day; Vortag 1290; last figure 1300t"
ciba-geigy,1982-04,1982-04-30,N,CHF,588,1982-05-03,23,eye,"Zurich running-text list ""Kurse vom""; last figure of the day; Vortag 590"
ciba-geigy,1982-04,1982-04-30,PS,CHF,1005,1982-05-03,23,eye,"Zurich running-text list ""Kurse vom""; last figure of the day; Vortag 1000"
nestle,1982-04,1982-04-30,I,CHF,3305,1982-05-03,23,eye,"Zurich running-text list ""Kurse vom""; last figure of the day; Vortag 3320"
nestle,1982-04,1982-04-30,N,CHF,2090,1982-05-03,23,eye,"Zurich running-text list ""Kurse vom""; last figure of the day; Vortag 2090"
sandoz,1982-04,1982-04-30,I,CHF,4100,1982-05-03,23,eye,"Zurich running-text list ""Kurse vom""; last figure of the day; Vortag 4100"
sandoz,1982-04,1982-04-30,N,CHF,1540,1982-05-03,23,eye,"Zurich running-text list ""Kurse vom""; last figure of the day; Vortag 1550"
sandoz,1982-04,1982-04-30,PS,CHF,515,1982-05-03,23,eye,"Zurich running-text list ""Kurse vom""; last figure of the day; Vortag 515"
slb,1982-04,1982-04-30,common,USD,46,1982-05-03,25,eye,"New York list; Monday issue printing Friday 30 April (""Kurse vom 30. April"") in all tables; layout change: from this issue the SBG and SKA lines are short (no more old/neue lines); SKA lines are ""inkl. PS"" (bearer incl. PS) and ""Na. inkl. PS""; column Schluss 46; Vortag 46 1/8"
ibm,1982-04,1982-04-30,common,USD,64.25,1982-05-03,25,eye,"New York list; Monday issue printing Friday 30 April (""Kurse vom 30. April"") in all tables; layout change: from this issue the SBG and SKA lines are short (no more old/neue lines); SKA lines are ""inkl. PS"" (bearer incl. PS) and ""Na. inkl. PS""; column Schluss 64 1/4; Vortag 64 1/8"
bmw,1982-04,1982-04-30,ordinary,DEM,207,1982-05-03,26,eye,"Frankfurt list; Monday issue printing Friday 30 April (""Kurse vom 30. April"") in all tables; layout change: from this issue the SBG and SKA lines are short (no more old/neue lines); SKA lines are ""inkl. PS"" (bearer incl. PS) and ""Na. inkl. PS""; Vortag 208"
mercedes,1982-04,1982-04-30,common,DEM,286.30,1982-05-03,26,eye,"Frankfurt list; Monday issue printing Friday 30 April (""Kurse vom 30. April"") in all tables; layout change: from this issue the SBG and SKA lines are short (no more old/neue lines); SKA lines are ""inkl. PS"" (bearer incl. PS) and ""Na. inkl. PS""; Daimler-Benz (not Mercedes Holding); Vortag 287"
siemens,1982-04,1982-04-30,common,DEM,229,1982-05-03,26,eye,"Frankfurt list; Monday issue printing Friday 30 April (""Kurse vom 30. April"") in all tables; layout change: from this issue the SBG and SKA lines are short (no more old/neue lines); SKA lines are ""inkl. PS"" (bearer incl. PS) and ""Na. inkl. PS""; Vortag 229"
swissair,1982-06,1982-06-30,I,CHF,677,1982-07-01,25,eye,"Zurich running-text list ""Kurse vom""; last figure of the day; Vortag 685; last figure of sequence ""686 R 680 677"""
swissair,1982-06,1982-06-30,N,CHF,618,1982-07-01,25,eye,"Zurich running-text list ""Kurse vom""; last figure of the day; Vortag 618; only figure"
ubs,1982-06,1982-06-30,I,CHF,2755,1982-07-01,25,eye,"Zurich running-text list ""Kurse vom""; last figure of the day; Vortag 2765; last figure after R"
ubs,1982-06,1982-06-30,N,CHF,490,1982-07-01,25,eye,"Zurich running-text list ""Kurse vom""; last figure of the day; Vortag 490"
ubs,1982-06,1982-06-30,PS,CHF,93,1982-07-01,25,eye,"Zurich running-text list ""Kurse vom""; last figure of the day; Vortag 93.50"
sbv,1982-06,1982-06-30,I,CHF,278,1982-07-01,25,eye,"Zurich running-text list ""Kurse vom""; last figure of the day; Vortag 279"
sbv,1982-06,1982-06-30,N,CHF,198,1982-07-01,25,eye,"Zurich running-text list ""Kurse vom""; last figure of the day; Vortag 198; last figure after R"
sbv,1982-06,1982-06-30,PS,CHF,227,1982-07-01,25,eye,"Zurich running-text list ""Kurse vom""; last figure of the day; Vortag 228"
credit-suisse,1982-06,1982-06-30,I,CHF,1640,1982-07-01,25,eye,"Zurich running-text list ""Kurse vom""; last figure of the day; Vortag 1640; line ""SKA Inh. inkl. PS"""
credit-suisse,1982-06,1982-06-30,N,CHF,313,1982-07-01,25,eye,"Zurich running-text list ""Kurse vom""; last figure of the day; Vortag 311; line ""Na. inkl. PS"""
ciba-geigy,1982-06,1982-06-30,I,CHF,1215,1982-07-01,25,eye,"Zurich running-text list ""Kurse vom""; last figure of the day; Vortag 1210; last figure after R"
ciba-geigy,1982-06,1982-06-30,N,CHF,562,1982-07-01,25,eye,"Zurich running-text list ""Kurse vom""; last figure of the day; Vortag 561; sequence ""561 560 R 561 562"""
ciba-geigy,1982-06,1982-06-30,PS,CHF,1000,1982-07-01,25,eye,"Zurich running-text list ""Kurse vom""; last figure of the day; Vortag 1000; last figure 1000ttt"
nestle,1982-06,1982-06-30,I,CHF,3210,1982-07-01,25,eye,"Zurich running-text list ""Kurse vom""; last figure of the day; Vortag 3225"
nestle,1982-06,1982-06-30,N,CHF,1975,1982-07-01,25,eye,"Zurich running-text list ""Kurse vom""; last figure of the day; Vortag 1975"
sandoz,1982-06,1982-06-30,I,CHF,3950,1982-07-01,25,eye,"Zurich running-text list ""Kurse vom""; last figure of the day; only ""R 3950L"" no Vortag; last figure 3950L"
sandoz,1982-06,1982-06-30,N,CHF,1410,1982-07-01,25,eye,"Zurich running-text list ""Kurse vom""; last figure of the day; Vortag 1420"
sandoz,1982-06,1982-06-30,PS,CHF,540,1982-07-01,25,eye,"Zurich running-text list ""Kurse vom""; last figure of the day; Vortag 540"
slb,1982-06,1982-06-30,common,USD,38.25,1982-07-01,27,eye,"New York list; headers ""vom 30. Juni"" in all tables; last column Schluss 38 1/4 (Vortag 38 7/8)"
ibm,1982-06,1982-06-30,common,USD,60.625,1982-07-01,27,eye,"New York list; headers ""vom 30. Juni"" in all tables; last column 60 5/8 (Vortag 61 1/8)"
bmw,1982-06,1982-06-30,ordinary,DEM,204.50,1982-07-01,28,eye,"Frankfurt list; headers ""vom 30. Juni"" in all tables; Vortag 203; JdG print 204 (differs by 0.5)"
mercedes,1982-06,1982-06-30,common,DEM,294.50,1982-07-01,28,eye,"Frankfurt list; headers ""vom 30. Juni"" in all tables; Daimler-Benz; Vortag 292.50; JdG print 295 (differs by 0.5)"
siemens,1982-06,1982-06-30,common,DEM,217,1982-07-01,28,eye,"Frankfurt list; headers ""vom 30. Juni"" in all tables; Vortag 217.70; JdG print 216.5 (differs by 0.5)"
swissair,1982-07,1982-07-30,I,CHF,632,1982-07-31,17,eye,"Zurich running-text list ""Kurse vom""; last figure of the day; Vortag 626; last figure of sequence ""630 632 630 R 630 632"""
swissair,1982-07,1982-07-30,N,CHF,555,1982-07-31,17,eye,"Zurich running-text list ""Kurse vom""; last figure of the day; Vortag 562; last figure 555ttt"
ubs,1982-07,1982-07-30,I,CHF,2750,1982-07-31,17,eye,"Zurich running-text list ""Kurse vom""; last figure of the day; Vortag 2735; last figure after R"
ubs,1982-07,1982-07-30,N,CHF,509,1982-07-31,17,eye,"Zurich running-text list ""Kurse vom""; last figure of the day; Vortag 505; last figure after R"
ubs,1982-07,1982-07-30,PS,CHF,92.50,1982-07-31,17,eye,"Zurich running-text list ""Kurse vom""; last figure of the day; Vortag 92.50"
sbv,1982-07,1982-07-30,I,CHF,271,1982-07-31,17,eye,"Zurich running-text list ""Kurse vom""; last figure of the day; Vortag 272; last figure after R"
sbv,1982-07,1982-07-30,N,CHF,199,1982-07-31,17,eye,"Zurich running-text list ""Kurse vom""; last figure of the day; Vortag 198; last figure after R"
sbv,1982-07,1982-07-30,PS,CHF,222,1982-07-31,17,eye,"Zurich running-text list ""Kurse vom""; last figure of the day; Vortag 222"
credit-suisse,1982-07,1982-07-30,I,CHF,1605,1982-07-31,17,eye,"Zurich running-text list ""Kurse vom""; last figure of the day; Vortag 1595; line ""SKA Inh. inkl. PS"""
credit-suisse,1982-07,1982-07-30,N,CHF,306,1982-07-31,17,eye,"Zurich running-text list ""Kurse vom""; last figure of the day; Vortag 309; line ""Na. inkl. PS"""
ciba-geigy,1982-07,1982-07-30,I,CHF,1230,1982-07-31,17,eye,"Zurich running-text list ""Kurse vom""; last figure of the day; Vortag 1215; last figure 1230L"
ciba-geigy,1982-07,1982-07-30,N,CHF,568,1982-07-31,17,eye,"Zurich running-text list ""Kurse vom""; last figure of the day; Vortag 565"
ciba-geigy,1982-07,1982-07-30,PS,CHF,1015,1982-07-31,17,eye,"Zurich running-text list ""Kurse vom""; last figure of the day; Vortag 1010"
nestle,1982-07,1982-07-30,I,CHF,3260,1982-07-31,17,eye,"Zurich running-text list ""Kurse vom""; last figure of the day; Vortag 3250"
nestle,1982-07,1982-07-30,N,CHF,2045,1982-07-31,17,eye,"Zurich running-text list ""Kurse vom""; last figure of the day; Vortag 2035"
sandoz,1982-07,1982-07-30,I,CHF,3925,1982-07-31,17,eye,"Zurich running-text list ""Kurse vom""; last figure of the day; Vortag 4000"
sandoz,1982-07,1982-07-30,N,CHF,1470,1982-07-31,17,eye,"Zurich running-text list ""Kurse vom""; last figure of the day; Vortag 1460"
sandoz,1982-07,1982-07-30,PS,CHF,541,1982-07-31,17,eye,"Zurich running-text list ""Kurse vom""; last figure of the day; Vortag 542"
slb,1982-07,1982-07-30,common,USD,35.5,1982-07-31,19,eye,"New York list; headers ""vom 30. Juli"" in all tables (Saturday issue); last column Schluss 35 1/2 (Vortag 37)"
ibm,1982-07,1982-07-30,common,USD,65.5,1982-07-31,19,eye,"New York list; headers ""vom 30. Juli"" in all tables (Saturday issue); last column Schluss 65 1/2 (Vortag 65 1/2)"
bmw,1982-07,1982-07-30,ordinary,DEM,203,1982-07-31,20,eye,"Frankfurt list; headers ""vom 30. Juli"" in all tables (Saturday issue); Vortag 204; JdG print 203.5 (differs by 0.5)"
mercedes,1982-07,1982-07-30,common,DEM,301.20,1982-07-31,20,eye,"Frankfurt list; headers ""vom 30. Juli"" in all tables (Saturday issue); Daimler-Benz; Vortag 302; JdG print 302 (differs by 0.8)"
siemens,1982-07,1982-07-30,common,DEM,220.70,1982-07-31,20,eye,"Frankfurt list; headers ""vom 30. Juli"" in all tables (Saturday issue); Vortag 219.50; JdG print 220.3 (differs by 0.4)"
swissair,1982-08,1982-08-31,I,CHF,620,1982-09-01,25,eye,"Zurich running-text list ""Kurse vom""; last figure of the day; Vortag 618; last figure 620ttt"
swissair,1982-08,1982-08-31,N,CHF,534,1982-09-01,25,eye,"Zurich running-text list ""Kurse vom""; last figure of the day; Vortag 536"
ubs,1982-08,1982-08-31,I,CHF,2850,1982-09-01,25,eye,"Zurich running-text list ""Kurse vom""; last figure of the day; Vortag 2870; last figure after R"
ubs,1982-08,1982-08-31,N,CHF,500,1982-09-01,25,eye,"Zurich running-text list ""Kurse vom""; last figure of the day; Vortag 505"
ubs,1982-08,1982-08-31,PS,CHF,93,1982-09-01,25,eye,"Zurich running-text list ""Kurse vom""; last figure of the day; Vortag 94; last figure after R"
sbv,1982-08,1982-08-31,I,CHF,283,1982-09-01,25,eye,"Zurich running-text list ""Kurse vom""; last figure of the day; Vortag 284; last figure after R"
sbv,1982-08,1982-08-31,N,CHF,204,1982-09-01,25,eye,"Zurich running-text list ""Kurse vom""; last figure of the day; Vortag 204"
sbv,1982-08,1982-08-31,PS,CHF,223,1982-09-01,25,eye,"Zurich running-text list ""Kurse vom""; last figure of the day; Vortag 223; last figure 223L"
credit-suisse,1982-08,1982-08-31,I,CHF,1650,1982-09-01,25,eye,"Zurich running-text list ""Kurse vom""; last figure of the day; Vortag 1665; line ""SKA Inh. inkl. PS"""
credit-suisse,1982-08,1982-08-31,N,CHF,325,1982-09-01,25,eye,"Zurich running-text list ""Kurse vom""; last figure of the day; Vortag 326; line ""Na. inkl. PS"""
ciba-geigy,1982-08,1982-08-31,I,CHF,1285,1982-09-01,25,eye,"Zurich running-text list ""Kurse vom""; last figure of the day; Vortag 1285; last figure after R"
ciba-geigy,1982-08,1982-08-31,N,CHF,595,1982-09-01,25,eye,"Zurich running-text list ""Kurse vom""; last figure of the day; Vortag 590"
ciba-geigy,1982-08,1982-08-31,PS,CHF,1030,1982-09-01,25,eye,"Zurich running-text list ""Kurse vom""; last figure of the day; Vortag 1035"
nestle,1982-08,1982-08-31,I,CHF,3270,1982-09-01,25,eye,"Zurich running-text list ""Kurse vom""; last figure of the day; Vortag 3250"
nestle,1982-08,1982-08-31,N,CHF,2080,1982-09-01,25,eye,"Zurich running-text list ""Kurse vom""; last figure of the day; Vortag 2075; last regular figure after R (a block trade ""2180 dt 50"" follows and is ignored)"
sandoz,1982-08,1982-08-31,N,CHF,1510,1982-09-01,25,eye,"Zurich running-text list ""Kurse vom""; last figure of the day; Vortag 1515; last figure after R"
sandoz,1982-08,1982-08-31,PS,CHF,545,1982-09-01,25,eye,"Zurich running-text list ""Kurse vom""; last figure of the day; Vortag 545"
slb,1982-08,1982-08-31,common,USD,36.5,1982-09-01,27,eye,"New York list; headers ""vom 31. August"" in all tables; Frankfurt list is the combined ""Frankfurt Duesseldorf Muenchen"" list; Sandoz Inh. line not printed this day (only Na. and PS); column Schluss 36 1/2 (Vortag 36 5/8)"
ibm,1982-08,1982-08-31,common,USD,70.5,1982-09-01,27,eye,"New York list; headers ""vom 31. August"" in all tables; Frankfurt list is the combined ""Frankfurt Duesseldorf Muenchen"" list; Sandoz Inh. line not printed this day (only Na. and PS); column Schluss 70 1/2 (Vortag 69 3/4)"
bmw,1982-08,1982-08-31,ordinary,DEM,183,1982-09-01,28,eye,"Frankfurt list; headers ""vom 31. August"" in all tables; Frankfurt list is the combined ""Frankfurt Duesseldorf Muenchen"" list; Sandoz Inh. line not printed this day (only Na. and PS); Vortag 181; JdG print 182.5 (differs by 0.5)"
mercedes,1982-08,1982-08-31,common,DEM,305,1982-09-01,28,eye,"Frankfurt list; headers ""vom 31. August"" in all tables; Frankfurt list is the combined ""Frankfurt Duesseldorf Muenchen"" list; Sandoz Inh. line not printed this day (only Na. and PS); Daimler-Benz; Vortag 302.50; JdG print 305 agrees"
siemens,1982-08,1982-08-31,common,DEM,224,1982-09-01,28,eye,"Frankfurt list; headers ""vom 31. August"" in all tables; Frankfurt list is the combined ""Frankfurt Duesseldorf Muenchen"" list; Sandoz Inh. line not printed this day (only Na. and PS); Vortag 223.50; JdG print 224 agrees"
swissair,1982-09,1982-09-30,I,CHF,643,1982-10-01,25,eye,"Zurich running-text list ""Kurse vom""; last figure of the day; Vortag 645"
swissair,1982-09,1982-09-30,N,CHF,584,1982-10-01,25,eye,"Zurich running-text list ""Kurse vom""; last figure of the day; Vortag 580; last figure 584L"
ubs,1982-09,1982-09-30,I,CHF,2775,1982-10-01,25,eye,"Zurich running-text list ""Kurse vom""; last figure of the day; Vortag 2770; last figure after R"
ubs,1982-09,1982-09-30,N,CHF,512,1982-10-01,25,eye,"Zurich running-text list ""Kurse vom""; last figure of the day; Vortag 512"
ubs,1982-09,1982-09-30,PS,CHF,90.50,1982-10-01,25,eye,"Zurich running-text list ""Kurse vom""; last figure of the day; Vortag 90; last figure after R"
sbv,1982-09,1982-09-30,I,CHF,284,1982-10-01,25,eye,"Zurich running-text list ""Kurse vom""; last figure of the day; Vortag 283"
sbv,1982-09,1982-09-30,N,CHF,200,1982-10-01,25,eye,"Zurich running-text list ""Kurse vom""; last figure of the day; Vortag 201"
sbv,1982-09,1982-09-30,PS,CHF,223,1982-10-01,25,eye,"Zurich running-text list ""Kurse vom""; last figure of the day; Vortag 224"
credit-suisse,1982-09,1982-09-30,I,CHF,1635,1982-10-01,25,eye,"Zurich running-text list ""Kurse vom""; last figure of the day; Vortag 1630; last figure of sequence, ""1630L 1635""; line ""SKA Inh. inkl. PS"""
credit-suisse,1982-09,1982-09-30,N,CHF,318,1982-10-01,25,eye,"Zurich running-text list ""Kurse vom""; last figure of the day; Vortag 318; line ""Na. inkl. PS"""
ciba-geigy,1982-09,1982-09-30,I,CHF,1275,1982-10-01,25,eye,"Zurich running-text list ""Kurse vom""; last figure of the day; Vortag 1270; only figure 1275L"
ciba-geigy,1982-09,1982-09-30,N,CHF,595,1982-10-01,25,eye,"Zurich running-text list ""Kurse vom""; last figure of the day; Vortag 588; last figure after R"
ciba-geigy,1982-09,1982-09-30,PS,CHF,1050,1982-10-01,25,eye,"Zurich running-text list ""Kurse vom""; last figure of the day; Vortag 1050; last figure after R"
nestle,1982-09,1982-09-30,I,CHF,3445,1982-10-01,25,eye,"Zurich running-text list ""Kurse vom""; last figure of the day; Vortag 3440; last figure after R"
nestle,1982-09,1982-09-30,N,CHF,2145,1982-10-01,25,eye,"Zurich running-text list ""Kurse vom""; last figure of the day; Vortag 2130; last regular figure after R (block trade ""2160 dt 50"" earlier in sequence ignored)"
sandoz,1982-09,1982-09-30,N,CHF,1490,1982-10-01,25,eye,"Zurich running-text list ""Kurse vom""; last figure of the day; Vortag 1470; last figure after R"
sandoz,1982-09,1982-09-30,PS,CHF,550,1982-10-01,25,eye,"Zurich running-text list ""Kurse vom""; last figure of the day; Vortag 554; last figure after R"
slb,1982-09,1982-09-30,common,USD,35,1982-10-01,27,eye,"New York list; headers ""vom 30. September"" in all tables; Frankfurt list combined Frankfurt/Duesseldorf/Muenchen; Sandoz Inh. line not printed; column Schluss 35 (Vortag 35 1/2)"
ibm,1982-09,1982-09-30,common,USD,73.5,1982-10-01,27,eye,"New York list; headers ""vom 30. September"" in all tables; Frankfurt list combined Frankfurt/Duesseldorf/Muenchen; Sandoz Inh. line not printed; column Schluss 73 1/2 (Vortag 74 3/4)"
bmw,1982-09,1982-09-30,ordinary,DEM,195.50,1982-10-01,28,eye,"Frankfurt list; headers ""vom 30. September"" in all tables; Frankfurt list combined Frankfurt/Duesseldorf/Muenchen; Sandoz Inh. line not printed; Vortag 195.50; JdG print 195 (differs by 0.5)"
mercedes,1982-09,1982-09-30,common,DEM,339,1982-10-01,28,eye,"Frankfurt list; headers ""vom 30. September"" in all tables; Frankfurt list combined Frankfurt/Duesseldorf/Muenchen; Sandoz Inh. line not printed; Daimler-Benz; Vortag 339; JdG print 340 (differs by 1)"
siemens,1982-09,1982-09-30,common,DEM,249,1982-10-01,28,eye,"Frankfurt list; headers ""vom 30. September"" in all tables; Frankfurt list combined Frankfurt/Duesseldorf/Muenchen; Sandoz Inh. line not printed; Vortag 248; JdG print 248.3 (differs by 0.7)"
swissair,1982-10,1982-10-29,I,CHF,648,1982-10-30,25,eye,"Zurich running-text list ""Kurse vom""; last figure of the day; Vortag 641; last figure"
swissair,1982-10,1982-10-29,N,CHF,600,1982-10-30,25,eye,"Zurich running-text list ""Kurse vom""; last figure of the day; Vortag 605; last figure 600tt"
ubs,1982-10,1982-10-29,I,CHF,3050,1982-10-30,25,eye,"Zurich running-text list ""Kurse vom""; last figure of the day; Vortag 3040; last figure after R"
ubs,1982-10,1982-10-29,N,CHF,540,1982-10-30,25,eye,"Zurich running-text list ""Kurse vom""; last figure of the day; Vortag 535; last figure after R"
ubs,1982-10,1982-10-29,PS,CHF,101,1982-10-30,25,eye,"Zurich running-text list ""Kurse vom""; last figure of the day; Vortag 101.50; last figure after R"
sbv,1982-10,1982-10-29,I,CHF,305,1982-10-30,25,eye,"Zurich running-text list ""Kurse vom""; last figure of the day; Vortag 306"
sbv,1982-10,1982-10-29,N,CHF,215,1982-10-30,25,eye,"Zurich running-text list ""Kurse vom""; last figure of the day; Vortag 216; last figure after R"
sbv,1982-10,1982-10-29,PS,CHF,234,1982-10-30,25,eye,"Zurich running-text list ""Kurse vom""; last figure of the day; Vortag 236; last figure after R"
credit-suisse,1982-10,1982-10-29,I,CHF,1875,1982-10-30,25,eye,"Zurich running-text list ""Kurse vom""; last figure of the day; Vortag 1885; line ""SKA Inh. inkl. PS"""
credit-suisse,1982-10,1982-10-29,N,CHF,355,1982-10-30,25,eye,"Zurich running-text list ""Kurse vom""; last figure of the day; Vortag 353; line ""Na. inkl. PS"""
ciba-geigy,1982-10,1982-10-29,I,CHF,1380,1982-10-30,25,eye,"Zurich running-text list ""Kurse vom""; last figure of the day; Vortag 1355; last figure after R"
ciba-geigy,1982-10,1982-10-29,N,CHF,617,1982-10-30,25,eye,"Zurich running-text list ""Kurse vom""; last figure of the day; Vortag 615"
ciba-geigy,1982-10,1982-10-29,PS,CHF,1065,1982-10-30,25,eye,"Zurich running-text list ""Kurse vom""; last figure of the day; Vortag 1060; last figure after R"
nestle,1982-10,1982-10-29,I,CHF,3500,1982-10-30,25,eye,"Zurich running-text list ""Kurse vom""; last figure of the day; Vortag 3500; last figure after R 3520"
nestle,1982-10,1982-10-29,N,CHF,2200,1982-10-30,25,eye,"Zurich running-text list ""Kurse vom""; last figure of the day; Vortag 2200; last figure (block trade ""2250 dt 50"" ignored)"
sandoz,1982-10,1982-10-29,I,CHF,4200,1982-10-30,25,eye,"Zurich running-text list ""Kurse vom""; last figure of the day; Vortag 4175"
sandoz,1982-10,1982-10-29,N,CHF,1550,1982-10-30,25,eye,"Zurich running-text list ""Kurse vom""; last figure of the day; Vortag 1545; last figure 1550L"
sandoz,1982-10,1982-10-29,PS,CHF,558,1982-10-30,25,eye,"Zurich running-text list ""Kurse vom""; last figure of the day; Vortag 560; last figure after R"
slb,1982-10,1982-10-29,common,USD,38.25,1982-10-30,27,eye,"New York list; headers ""vom 29. Oktober"" in all tables (Saturday issue); Frankfurt list combined; Ciba-Geigy line printed without Inh. label (bearer then Na. and PS); column Schluss 38 1/4 (Vortag 40 1/8)"
ibm,1982-10,1982-10-29,common,USD,79.125,1982-10-30,27,eye,"New York list; headers ""vom 29. Oktober"" in all tables (Saturday issue); Frankfurt list combined; Ciba-Geigy line printed without Inh. label (bearer then Na. and PS); column Schluss 79 1/8 (Vortag 79 1/2)"
bmw,1982-10,1982-10-29,ordinary,DEM,197,1982-10-30,28,eye,"Frankfurt list; headers ""vom 29. Oktober"" in all tables (Saturday issue); Frankfurt list combined; Ciba-Geigy line printed without Inh. label (bearer then Na. and PS); Vortag 197"
mercedes,1982-10,1982-10-29,common,DEM,338,1982-10-30,28,eye,"Frankfurt list; headers ""vom 29. Oktober"" in all tables (Saturday issue); Frankfurt list combined; Ciba-Geigy line printed without Inh. label (bearer then Na. and PS); Daimler-Benz; Vortag 337"
siemens,1982-10,1982-10-29,common,DEM,238,1982-10-30,28,eye,"Frankfurt list; headers ""vom 29. Oktober"" in all tables (Saturday issue); Frankfurt list combined; Ciba-Geigy line printed without Inh. label (bearer then Na. and PS); Vortag 239.50"
swissair,1982-11,1982-11-30,I,CHF,652,1982-12-01,25,eye,"Zurich running-text list ""Kurse vom""; last figure of the day; Vortag 650; last figure after R"
swissair,1982-11,1982-11-30,N,CHF,593,1982-12-01,25,eye,"Zurich running-text list ""Kurse vom""; last figure of the day; Vortag 592; last figure after R"
ubs,1982-11,1982-11-30,I,CHF,3200,1982-12-01,25,eye,"Zurich running-text list ""Kurse vom""; last figure of the day; Vortag 3190; last figures ""3200 R 3200 3195 k3200"" (k = Kurs?); last printed 3200"
ubs,1982-11,1982-11-30,N,CHF,570,1982-12-01,25,eye,"Zurich running-text list ""Kurse vom""; last figure of the day; Vortag 565; last figure after R"
ubs,1982-11,1982-11-30,PS,CHF,106.50,1982-12-01,25,eye,"Zurich running-text list ""Kurse vom""; last figure of the day; Vortag 105.50; sequence ends ""106 106.50"""
sbv,1982-11,1982-11-30,I,CHF,314,1982-12-01,25,eye,"Zurich running-text list ""Kurse vom""; last figure of the day; Vortag 314; last figure"
sbv,1982-11,1982-11-30,N,CHF,223,1982-12-01,25,eye,"Zurich running-text list ""Kurse vom""; last figure of the day; Vortag 224; last figure after R"
sbv,1982-11,1982-11-30,PS,CHF,245,1982-12-01,25,eye,"Zurich running-text list ""Kurse vom""; last figure of the day; Vortag 245; last figure"
credit-suisse,1982-11,1982-11-30,I,CHF,1930,1982-12-01,25,eye,"Zurich running-text list ""Kurse vom""; last figure of the day; Vortag 1930; line ""SKA Inh. inkl. PS"", last figure"
credit-suisse,1982-11,1982-11-30,N,CHF,355,1982-12-01,25,eye,"Zurich running-text list ""Kurse vom""; last figure of the day; Vortag 355; line ""Na. inkl. PS""; last figure after R"
ciba-geigy,1982-11,1982-11-30,I,CHF,1405,1982-12-01,25,eye,"Zurich running-text list ""Kurse vom""; last figure of the day; Vortag 1400; last figure after R"
ciba-geigy,1982-11,1982-11-30,N,CHF,618,1982-12-01,25,eye,"Zurich running-text list ""Kurse vom""; last figure of the day; Vortag 619; sequence ""617 618 R 619 618"", last printed 618"
ciba-geigy,1982-11,1982-11-30,PS,CHF,1080,1982-12-01,25,eye,"Zurich running-text list ""Kurse vom""; last figure of the day; Vortag 1065; very long sequence ending ""1085 1080"""
nestle,1982-11,1982-11-30,I,CHF,3585,1982-12-01,25,eye,"Zurich running-text list ""Kurse vom""; last figure of the day; Vortag 3585; last figure ""3580 3585"""
nestle,1982-11,1982-11-30,N,CHF,2240,1982-12-01,25,eye,"Zurich running-text list ""Kurse vom""; last figure of the day; Vortag 2250; last figure after R (2240L)"
sandoz,1982-11,1982-11-30,I,CHF,4200,1982-12-01,25,eye,"Zurich running-text list ""Kurse vom""; last figure of the day; Vortag 4190; last figure after R"
sandoz,1982-11,1982-11-30,N,CHF,1605,1982-12-01,25,eye,"Zurich running-text list ""Kurse vom""; last figure of the day; Vortag 1600; last figure"
sandoz,1982-11,1982-11-30,PS,CHF,600,1982-12-01,25,eye,"Zurich running-text list ""Kurse vom""; last figure of the day; Vortag 598; last figure 600ttt"
slb,1982-11,1982-11-30,common,USD,39.25,1982-12-01,27,eye,"New York list; headers ""vom 30. November"" in all tables (Wednesday issue); Frankfurt list combined; SKA/SBG/SBV as before; Ciba-Geigy line printed ""Ciba-Geigy Inh."" in industrial block lower on the Swiss page; column Schluss 39 1/4 (Vortag 38 3/4)"
ibm,1982-11,1982-11-30,common,USD,86.375,1982-12-01,27,eye,"New York list; headers ""vom 30. November"" in all tables (Wednesday issue); Frankfurt list combined; SKA/SBG/SBV as before; Ciba-Geigy line printed ""Ciba-Geigy Inh."" in industrial block lower on the Swiss page; column Schluss 86 3/8 (Vortag 82 1/2)"
bmw,1982-11,1982-11-30,ordinary,DEM,214,1982-12-01,28,eye,"Frankfurt list; headers ""vom 30. November"" in all tables (Wednesday issue); Frankfurt list combined; SKA/SBG/SBV as before; Ciba-Geigy line printed ""Ciba-Geigy Inh."" in industrial block lower on the Swiss page; Vortag 215.50"
mercedes,1982-11,1982-11-30,common,DEM,349.50,1982-12-01,28,eye,"Frankfurt list; headers ""vom 30. November"" in all tables (Wednesday issue); Frankfurt list combined; SKA/SBG/SBV as before; Ciba-Geigy line printed ""Ciba-Geigy Inh."" in industrial block lower on the Swiss page; Daimler-Benz; Vortag 348.50"
siemens,1982-11,1982-11-30,common,DEM,247.20,1982-12-01,28,eye,"Frankfurt list; headers ""vom 30. November"" in all tables (Wednesday issue); Frankfurt list combined; SKA/SBG/SBV as before; Ciba-Geigy line printed ""Ciba-Geigy Inh."" in industrial block lower on the Swiss page; Vortag 248"
swissair,1982-12,1982-12-30,I,CHF,725,1982-12-31,19,eye,"Zurich running-text list ""Kurse vom""; last figure of the day; Vortag 730; last figure 725L of sequence ending ""R 721 719 720 725L"""
swissair,1982-12,1982-12-30,N,CHF,630,1982-12-31,19,eye,"Zurich running-text list ""Kurse vom""; last figure of the day; Vortag 630; last figure after R"
ubs,1982-12,1982-12-30,I,CHF,3280,1982-12-31,19,eye,"Zurich running-text list ""Kurse vom""; last figure of the day; Vortag 3295; last figure after R"
ubs,1982-12,1982-12-30,N,CHF,585,1982-12-31,19,eye,"Zurich running-text list ""Kurse vom""; last figure of the day; Vortag 580; last figure"
ubs,1982-12,1982-12-30,PS,CHF,109.50,1982-12-31,19,eye,"Zurich running-text list ""Kurse vom""; last figure of the day; Vortag 109; last figure"
sbv,1982-12,1982-12-30,I,CHF,322,1982-12-31,19,eye,"Zurich running-text list ""Kurse vom""; last figure of the day; Vortag 320; last figure after R"
sbv,1982-12,1982-12-30,N,CHF,224,1982-12-31,19,eye,"Zurich running-text list ""Kurse vom""; last figure of the day; Vortag 224"
sbv,1982-12,1982-12-30,PS,CHF,252,1982-12-31,19,eye,"Zurich running-text list ""Kurse vom""; last figure of the day; Vortag 251; last figure after R"
credit-suisse,1982-12,1982-12-30,I,CHF,1905,1982-12-31,19,eye,"Zurich running-text list ""Kurse vom""; last figure of the day; Vortag 1895; line ""SKA Inh. inkl. PS"""
credit-suisse,1982-12,1982-12-30,N,CHF,348,1982-12-31,19,eye,"Zurich running-text list ""Kurse vom""; last figure of the day; Vortag 348; line ""Na. inkl. PS"""
ciba-geigy,1982-12,1982-12-30,I,CHF,1610,1982-12-31,19,eye,"Zurich running-text list ""Kurse vom""; last figure of the day; Vortag 1640; last figure after R"
ciba-geigy,1982-12,1982-12-30,N,CHF,665,1982-12-31,19,eye,"Zurich running-text list ""Kurse vom""; last figure of the day; Vortag 653; very long sequence, last figure 665"
ciba-geigy,1982-12,1982-12-30,PS,CHF,1290,1982-12-31,19,eye,"Zurich running-text list ""Kurse vom""; last figure of the day; Vortag 1305; last figure of sequence ""1295tt 1290tt"""
sandoz,1982-12,1982-12-30,I,CHF,4390,1982-12-31,19,eye,"Zurich running-text list ""Kurse vom""; last figure of the day; Vortag 4340; last figure after R"
sandoz,1982-12,1982-12-30,N,CHF,1680,1982-12-31,19,eye,"Zurich running-text list ""Kurse vom""; last figure of the day; Vortag 1675; last figure 1680L"
sandoz,1982-12,1982-12-30,PS,CHF,675,1982-12-31,19,eye,"Zurich running-text list ""Kurse vom""; last figure of the day; Vortag 660; last figure 675t"
bmw,1982-12,1982-12-30,ordinary,DEM,227.50,1982-12-31,22,eye,"Frankfurt list; Swiss and Frankfurt tables of the 31 Dec issue are headed ""Kurse vom 30. Dezember""; the New York line below is the 30 Dec close (see the extra rows for 31 Dec from the 3 Jan 1983 issue); Frankfurt list is the combined Frankfurt/Duesseldorf/Muenchen list; Vortag 226; JdG print 227.5 agrees"
mercedes,1982-12,1982-12-30,common,DEM,395,1982-12-31,22,eye,"Frankfurt list; Swiss and Frankfurt tables of the 31 Dec issue are headed ""Kurse vom 30. Dezember""; the New York line below is the 30 Dec close (see the extra rows for 31 Dec from the 3 Jan 1983 issue); Frankfurt list is the combined Frankfurt/Duesseldorf/Muenchen list; Daimler-Benz; Vortag 391; JdG print 395 agrees"
siemens,1982-12,1982-12-30,common,DEM,260.30,1982-12-31,22,eye,"Frankfurt list; Swiss and Frankfurt tables of the 31 Dec issue are headed ""Kurse vom 30. Dezember""; the New York line below is the 30 Dec close (see the extra rows for 31 Dec from the 3 Jan 1983 issue); Frankfurt list is the combined Frankfurt/Duesseldorf/Muenchen list; Vortag 258.50; JdG print 259.8 (differs by 0.5)"
slb,1982-12,1982-12-31,common,USD,46.375,1983-01-03,13,eye,"New York list ""Kurse vom 31. Dezember"" (Monday 3 Jan 1983 issue) column Schl. 46 3/8; Vortag column 46 agrees with the 30 Dec close read in the issue of 31 Dec 1982"
ibm,1982-12,1982-12-31,common,USD,96.25,1983-01-03,13,eye,"New York list ""Kurse vom 31. Dezember"" (Monday 3 Jan 1983 issue) column Schl. 96 1/4; Vortag column 96 1/8 agrees with the 30 Dec close read in the issue of 31 Dec 1982"
